timestamp,temperature_c,humidity_pct,dew_point_c,feels_like_c,wind_speed_ms,wind_gust_ms,wind_direction_deg,absolute_pressure_hpa,rain_rate_mmhr,yearly_rain_mm,solar_wm2,uv_index,indoor_temp_c,indoor_humidity_pct
2026-09-08T19:45:00.000Z,21.6,44,8.8,21.6,9.4,16.6,90,22.08,0.0,504.2,636.3,6,27.8,32
2026-09-08T20:00:00.000Z,20.8,45,8.4,20.8,14.0,25.6,78,22.08,0.0,504.2,353.9,3,28.3,31
2026-09-08T20:15:00.000Z,20.6,47,8.9,20.6,23.0,25.6,86,22.08,0.0,504.2,188.2,1,28.7,30
2026-09-08T20:30:00.000Z,19.7,49,8.7,19.7,15.1,18.4,16,22.08,0.0,504.2,592.9,5,27.8,31
2026-09-08T20:45:00.000Z,19.7,50,9.0,19.7,4.3,5.4,156,22.08,0.0,504.2,187.7,1,27.6,31
2026-09-08T21:00:00.000Z,19.4,50,8.7,19.4,11.2,14.8,51,22.08,0.0,504.2,435.0,4,27.3,32
2026-09-08T21:15:00.000Z,19.4,51,9.0,19.4,14.8,18.4,82,22.08,0.0,504.2,153.8,1,27.1,32
2026-09-08T21:30:00.000Z,18.8,54,9.3,18.8,11.9,16.6,17,22.08,0.0,504.2,130.7,1,26.0,33
2026-09-08T21:45:00.000Z,18.6,55,9.4,18.6,9.4,14.8,22,22.08,0.0,504.2,68.5,0,25.4,34
2026-09-08T22:00:00.000Z,18.2,56,9.3,18.2,4.7,5.4,359,22.09,0.0,504.2,64.2,0,25.1,35
2026-09-08T22:15:00.000Z,18.1,57,9.4,18.1,5.4,7.2,351,22.09,0.0,504.2,39.2,0,24.9,35
2026-09-08T22:30:00.000Z,17.6,56,8.7,17.6,7.6,9.4,70,22.09,0.0,504.2,38.8,0,24.6,36
2026-09-08T22:45:00.000Z,17.6,58,9.3,17.6,7.9,9.4,46,22.09,0.0,504.2,22.2,0,24.2,36
2026-09-08T23:00:00.000Z,17.5,56,8.6,17.5,6.1,9.4,70,22.10,0.0,504.2,11.8,0,23.8,37
2026-09-08T23:15:00.000Z,17.3,57,8.7,17.3,6.5,7.2,71,22.10,0.0,504.2,2.6,0,23.5,37
2026-09-08T23:30:00.000Z,17.1,57,8.6,17.1,14.8,16.6,73,22.10,0.0,504.2,0.1,0,23.2,38
2026-09-08T23:45:00.000Z,17.1,58,8.8,17.1,6.1,9.4,72,22.11,0.0,504.2,0.0,0,23.0,38
2026-09-09T00:00:00.000Z,17.0,59,8.9,17.0,2.5,3.6,85,22.12,0.0,504.2,0.0,0,22.8,39
2026-09-09T00:15:00.000Z,16.8,61,9.2,16.8,4.7,9.4,49,22.12,0.0,504.2,0.0,0,22.7,39
2026-09-09T00:30:00.000Z,16.2,65,9.7,16.2,3.6,5.4,343,22.13,0.0,504.2,0.0,0,22.5,39
2026-09-09T00:45:00.000Z,15.8,67,9.7,15.8,5.4,7.2,358,22.13,0.0,504.2,0.0,0,22.4,39
2026-09-09T01:00:00.000Z,15.4,68,9.5,15.4,0.4,1.8,79,22.14,0.0,504.2,0.0,0,22.2,40
2026-09-09T01:15:00.000Z,15.3,69,9.6,15.3,2.5,3.6,49,22.14,0.0,504.2,0.0,0,22.1,40
2026-09-09T01:30:00.000Z,15.2,70,9.8,15.2,1.8,3.6,4,22.14,0.0,504.2,0.0,0,21.9,40
2026-09-09T01:45:00.000Z,15.3,70,9.8,15.3,0.0,0.0,38,22.14,0.0,504.2,0.0,0,21.8,40
2026-09-09T02:00:00.000Z,15.3,69,9.6,15.3,3.6,5.4,26,22.14,0.0,504.2,0.0,0,21.8,41
2026-09-09T02:15:00.000Z,15.5,69,9.8,15.5,3.2,3.6,16,22.15,0.0,504.2,0.0,0,21.7,41
2026-09-09T02:30:00.000Z,15.4,69,9.7,15.4,1.8,1.8,22,22.16,0.0,504.2,0.0,0,21.6,41
2026-09-09T02:45:00.000Z,15.5,69,9.8,15.5,1.4,1.8,30,22.16,0.0,504.2,0.0,0,21.5,41
2026-09-09T03:00:00.000Z,15.6,68,9.7,15.6,2.2,3.6,52,22.16,0.0,504.2,0.0,0,21.5,41
2026-09-09T03:15:00.000Z,15.4,68,9.5,15.4,1.8,3.6,39,22.16,0.0,504.2,0.0,0,21.4,41
2026-09-09T03:30:00.000Z,15.5,69,9.8,15.5,0.4,1.8,67,22.16,0.0,504.2,0.0,0,21.4,42
2026-09-09T03:45:00.000Z,15.3,70,9.8,15.3,4.0,5.4,19,22.16,0.0,504.2,0.0,0,21.3,42
2026-09-09T04:00:00.000Z,15.2,70,9.8,15.2,1.1,1.8,45,22.16,0.0,504.2,0.0,0,21.3,42
2026-09-09T04:15:00.000Z,15.2,71,10.0,15.2,3.2,3.6,53,22.15,0.0,504.2,0.0,0,21.2,42
2026-09-09T04:30:00.000Z,15.2,71,10.0,15.2,3.6,3.6,69,22.16,0.0,504.2,0.0,0,21.2,42
2026-09-09T04:45:00.000Z,15.1,71,9.9,15.1,2.5,3.6,64,22.15,0.0,504.2,0.0,0,21.2,42
2026-09-09T05:00:00.000Z,15.1,71,9.9,15.1,2.2,3.6,37,22.14,0.0,504.2,0.0,0,21.1,42
2026-09-09T05:15:00.000Z,15.0,72,10.0,15.0,2.2,3.6,14,22.14,0.0,504.2,0.0,0,21.0,42
2026-09-09T05:30:00.000Z,15.0,72,10.0,15.0,0.4,1.8,28,22.14,0.0,504.2,0.0,0,21.0,42
2026-09-09T05:45:00.000Z,14.9,72,9.9,14.9,0.4,1.8,54,22.14,0.0,504.2,0.0,0,20.9,43
2026-09-09T06:00:00.000Z,14.9,73,10.1,14.9,0.4,1.8,58,22.13,0.0,504.2,0.0,0,21.0,43
2026-09-09T06:15:00.000Z,14.8,73,10.0,14.8,4.3,5.4,47,22.13,0.0,504.2,0.0,0,20.9,43
2026-09-09T06:30:00.000Z,14.8,73,10.0,14.8,1.1,1.8,79,22.12,0.0,504.2,0.0,0,20.9,43
2026-09-09T06:45:00.000Z,14.7,74,10.2,14.7,3.2,3.6,71,22.12,0.0,504.2,0.0,0,20.8,43
2026-09-09T07:00:00.000Z,14.6,75,10.2,14.6,1.8,1.8,52,22.12,0.0,504.2,0.0,0,20.8,43
2026-09-09T07:15:00.000Z,14.3,76,10.1,14.3,3.2,3.6,34,22.11,0.0,504.2,0.0,0,20.7,43
2026-09-09T07:30:00.000Z,14.0,78,10.2,14.0,0.4,1.8,357,22.11,0.0,504.2,0.0,0,20.8,43
2026-09-09T07:45:00.000Z,13.9,79,10.3,13.9,0.0,0.0,25,22.11,0.0,504.2,0.0,0,20.7,44
2026-09-09T08:00:00.000Z,13.9,79,10.3,13.9,1.8,1.8,323,22.11,0.0,504.2,0.0,0,20.6,44
2026-09-09T08:15:00.000Z,13.8,80,10.4,13.8,0.0,0.0,22,22.11,0.0,504.2,0.0,0,20.6,44
2026-09-09T08:30:00.000Z,13.9,79,10.3,13.9,0.0,0.0,23,22.11,0.0,504.2,0.0,0,20.5,44
2026-09-09T08:45:00.000Z,14.1,78,10.3,14.1,3.6,5.4,94,22.11,0.0,504.2,0.0,0,20.5,44
2026-09-09T09:00:00.000Z,13.4,85,10.9,13.4,1.8,3.6,108,22.11,0.0,504.2,0.0,0,20.5,44
2026-09-09T09:15:00.000Z,13.1,86,10.8,13.1,0.4,1.8,76,22.12,0.0,504.2,0.0,0,20.6,44
2026-09-09T09:30:00.000Z,13.1,86,10.8,13.1,0.0,0.0,88,22.11,0.0,504.2,0.0,0,20.4,45
2026-09-09T09:45:00.000Z,13.0,88,11.1,13.0,2.2,3.6,147,22.12,0.0,504.2,0.0,0,20.4,45
2026-09-09T10:00:00.000Z,12.9,88,10.9,12.9,0.0,0.0,147,22.12,0.0,504.2,0.0,0,20.4,45
2026-09-09T10:15:00.000Z,12.9,88,10.9,12.9,0.0,0.0,147,22.12,0.0,504.2,0.0,0,20.4,45
2026-09-09T10:30:00.000Z,13.0,87,10.9,13.0,0.0,0.0,146,22.13,0.0,504.2,0.0,0,20.3,45
2026-09-09T10:45:00.000Z,13.0,87,10.9,13.0,0.0,0.0,0,22.13,0.0,504.2,0.0,0,20.3,45
2026-09-09T11:00:00.000Z,13.0,85,10.6,13.0,0.0,0.0,359,22.13,0.0,504.2,0.2,0,20.3,45
2026-09-09T11:15:00.000Z,13.0,85,10.6,13.0,0.7,1.8,359,22.13,0.0,504.2,3.7,0,20.2,46
2026-09-09T11:30:00.000Z,12.9,86,10.6,12.9,0.0,0.0,359,22.14,0.0,504.2,11.8,0,20.3,47
2026-09-09T11:45:00.000Z,13.1,84,10.4,13.1,0.0,0.0,358,22.14,0.0,504.2,15.2,0,20.2,47
2026-09-09T12:00:00.000Z,13.4,83,10.6,13.4,0.0,0.0,357,22.15,0.0,504.2,25.9,0,20.3,47
2026-09-09T12:15:00.000Z,13.9,82,10.9,13.9,0.0,0.0,357,22.16,0.0,504.2,55.2,0,20.3,46
2026-09-09T12:30:00.000Z,14.4,76,10.2,14.4,0.0,0.0,87,22.16,0.0,504.2,83.3,0,20.3,46
2026-09-09T12:45:00.000Z,15.3,73,10.5,15.3,0.0,0.0,42,22.17,0.0,504.2,87.6,0,20.5,46
2026-09-09T13:00:00.000Z,16.0,68,10.1,16.0,2.2,3.6,80,22.17,0.0,504.2,137.4,1,20.6,47
2026-09-09T13:15:00.000Z,15.7,66,9.4,15.7,0.0,0.0,70,22.18,0.0,504.2,153.3,1,20.7,47
2026-09-09T13:30:00.000Z,16.4,64,9.6,16.4,5.8,7.2,357,22.18,0.0,504.2,188.3,1,21.0,47
2026-09-09T13:45:00.000Z,16.5,63,9.4,16.5,5.8,7.2,68,22.19,0.0,504.2,228.0,2,21.1,46
2026-09-09T14:00:00.000Z,17.2,60,9.4,17.2,4.7,5.4,32,22.19,0.0,504.2,245.2,2,21.4,46
2026-09-09T14:15:00.000Z,17.2,60,9.4,17.2,3.6,5.4,127,22.19,0.0,504.2,309.6,3,21.5,46
2026-09-09T15:00:00.000Z,17.7,57,9.1,17.7,9.0,11.2,72,22.18,0.0,504.2,312.1,3,22.6,43
2026-09-09T15:15:00.000Z,17.5,57,8.9,17.5,5.4,9.4,28,22.18,0.0,504.2,210.1,2,22.8,42
2026-09-09T15:30:00.000Z,17.4,58,9.1,17.4,6.1,7.2,88,22.17,0.0,504.2,203.5,1,22.8,42
2026-09-09T16:15:00.000Z,18.1,57,9.4,18.1,2.9,5.4,6,22.16,0.0,504.2,155.9,1,23.1,41
2026-09-09T16:30:00.000Z,18.4,56,9.4,18.4,1.4,1.8,50,22.15,0.0,504.2,216.3,2,23.4,42
2026-09-09T16:45:00.000Z,19.3,54,9.7,19.3,4.7,5.4,80,22.14,0.0,504.2,472.8,4,23.8,42
2026-09-09T17:00:00.000Z,20.1,51,9.7,20.1,7.9,11.2,73,22.14,0.0,504.2,319.6,3,24.0,41
2026-09-09T17:15:00.000Z,20.6,50,9.8,20.6,4.7,7.2,46,22.13,0.0,504.2,899.0,8,24.3,41
2026-09-09T17:30:00.000Z,20.5,51,10.0,20.5,4.7,5.4,84,22.12,0.0,504.2,219.8,2,24.4,40
2026-09-09T17:45:00.000Z,19.5,54,9.9,19.5,11.5,13.0,69,22.11,0.0,504.2,347.1,3,24.2,41
2026-09-09T18:00:00.000Z,20.0,52,9.8,20.0,5.0,7.2,139,22.11,0.0,504.2,258.4,2,24.3,40
2026-09-09T18:15:00.000Z,19.4,54,9.8,19.4,2.9,5.4,136,22.11,0.0,504.2,388.0,3,24.3,40
2026-09-09T18:30:00.000Z,20.5,51,10.0,20.5,6.5,9.4,62,22.10,0.0,504.2,235.8,2,24.7,39
2026-09-09T18:45:00.000Z,20.1,52,9.9,20.1,11.9,16.6,72,22.09,0.0,504.2,860.0,8,24.7,39
2026-09-09T19:00:00.000Z,21.0,48,9.6,21.0,12.2,16.6,83,22.09,0.0,504.2,792.8,7,25.2,39
2026-09-09T19:15:00.000Z,21.2,52,11.0,21.2,3.6,5.4,97,22.08,0.0,504.2,965.4,9,25.5,37
2026-09-09T19:30:00.000Z,21.0,49,9.9,21.0,12.2,14.8,62,22.08,0.0,504.2,681.6,6,25.9,37
2026-09-09T19:45:00.000Z,20.5,50,9.7,20.5,7.2,13.0,65,22.07,0.0,504.2,315.0,3,25.8,37
2026-09-09T20:00:00.000Z,20.5,50,9.7,20.5,14.8,20.2,50,22.07,0.0,504.2,185.4,1,25.8,36
2026-09-09T20:15:00.000Z,19.9,52,9.8,19.9,14.0,20.2,69,22.07,0.0,504.2,204.2,1,25.4,36
2026-09-09T20:30:00.000Z,19.7,52,9.6,19.7,11.9,14.8,49,22.07,0.0,504.2,217.0,2,25.3,36
2026-09-09T20:45:00.000Z,19.4,52,9.3,19.4,16.2,27.7,123,22.07,0.0,504.2,247.3,2,25.3,36
2026-09-09T21:00:00.000Z,19.5,52,9.4,19.5,5.4,7.2,65,22.07,0.0,504.2,185.5,1,25.3,36
2026-09-09T21:15:00.000Z,19.4,52,9.3,19.4,4.3,7.2,83,22.06,0.0,504.2,172.4,1,25.2,36
2026-09-09T21:30:00.000Z,19.0,54,9.5,19.0,1.4,3.6,95,22.06,0.0,504.2,157.8,1,25.1,36
2026-09-09T21:45:00.000Z,19.2,54,9.7,19.2,2.9,5.4,20,22.06,0.0,504.2,115.7,1,24.9,37
2026-09-09T22:00:00.000Z,18.8,55,9.6,18.8,5.4,7.2,57,22.07,0.0,504.2,70.1,0,24.7,37
2026-09-09T22:15:00.000Z,18.5,57,9.8,18.5,13.7,16.6,68,22.07,0.0,504.2,27.4,0,24.4,38
2026-09-09T22:30:00.000Z,17.5,65,10.8,17.5,8.3,11.2,61,22.08,0.0,504.2,12.3,0,24.2,39
2026-09-09T22:45:00.000Z,14.7,82,11.7,14.7,2.9,3.6,70,22.09,1.2,504.4,6.4,0,24.0,39
2026-09-09T23:00:00.000Z,14.6,82,11.6,14.6,8.6,11.2,65,22.09,0.0,504.7,6.6,0,23.7,40
2026-09-09T23:15:00.000Z,13.9,84,11.2,13.9,4.0,5.4,118,22.10,0.0,504.7,1.6,0,23.4,41
2026-09-09T23:30:00.000Z,14.3,84,11.6,14.3,2.2,3.6,342,22.10,0.0,504.7,0.1,0,23.2,42
2026-09-09T23:45:00.000Z,14.1,85,11.6,14.1,1.1,1.8,15,22.10,0.0,504.7,0.0,0,23.0,42
2026-09-10T00:00:00.000Z,14.2,85,11.7,14.2,0.4,1.8,344,22.12,0.0,504.7,0.0,0,22.9,42
2026-09-10T00:15:00.000Z,14.2,84,11.6,14.2,2.2,3.6,269,22.11,0.0,504.7,0.0,0,23.0,42
2026-09-10T00:30:00.000Z,14.1,85,11.6,14.1,3.6,3.6,340,22.12,0.0,504.7,0.0,0,22.9,42
2026-09-10T00:45:00.000Z,14.4,83,11.6,14.4,0.0,0.0,345,22.13,0.0,504.7,0.0,0,22.8,42
2026-09-10T01:00:00.000Z,14.5,81,11.3,14.5,3.6,3.6,276,22.13,0.0,504.7,0.0,0,22.7,42
2026-09-10T01:15:00.000Z,14.6,83,11.8,14.6,0.4,1.8,224,22.13,0.0,504.7,0.0,0,22.6,42
2026-09-10T01:30:00.000Z,14.4,83,11.6,14.4,1.4,1.8,172,22.14,0.0,504.7,0.0,0,22.5,43
2026-09-10T01:45:00.000Z,14.4,83,11.6,14.4,2.9,3.6,241,22.15,0.0,504.7,0.0,0,22.4,43
2026-09-10T02:00:00.000Z,14.5,81,11.3,14.5,1.8,3.6,3,22.14,0.0,504.7,0.0,0,22.4,43
2026-09-10T02:15:00.000Z,14.4,81,11.2,14.4,0.0,0.0,51,22.15,0.0,504.7,0.0,0,22.3,43
2026-09-10T02:30:00.000Z,14.5,80,11.1,14.5,2.5,3.6,351,22.16,0.0,504.7,0.0,0,22.3,43
2026-09-10T02:45:00.000Z,14.4,79,10.8,14.4,2.9,3.6,245,22.16,0.0,504.7,0.0,0,22.2,43
2026-09-10T03:00:00.000Z,14.4,80,11.0,14.4,2.9,3.6,278,22.17,0.0,504.7,0.0,0,22.1,44
2026-09-10T03:15:00.000Z,14.1,80,10.7,14.1,3.6,3.6,351,22.17,0.0,504.7,0.0,0,22.0,44
2026-09-10T03:30:00.000Z,13.9,84,11.2,13.9,0.7,1.8,30,22.17,1.2,504.9,0.0,0,22.0,44
2026-09-10T03:45:00.000Z,13.4,86,11.1,13.4,2.2,3.6,230,22.17,0.0,504.9,0.0,0,21.9,44
2026-09-10T04:00:00.000Z,12.8,90,11.2,12.8,0.0,0.0,282,22.17,0.0,504.9,0.0,0,21.8,44
2026-09-10T04:15:00.000Z,12.7,90,11.1,12.7,0.7,1.8,233,22.18,0.0,504.9,0.0,0,21.8,44
2026-09-10T04:30:00.000Z,12.8,89,11.0,12.8,1.4,1.8,273,22.17,0.0,504.9,0.0,0,21.7,44
2026-09-10T04:45:00.000Z,12.9,89,11.1,12.9,1.8,1.8,207,22.17,1.8,505.2,0.0,0,21.7,44
2026-09-10T05:00:00.000Z,12.7,91,11.3,12.7,0.0,0.0,5,22.18,0.0,505.2,0.0,0,21.6,45
2026-09-10T05:15:00.000Z,12.8,90,11.2,12.8,0.0,0.0,283,22.16,0.0,505.2,0.0,0,21.6,45
2026-09-10T05:30:00.000Z,12.9,90,11.3,12.9,0.0,0.0,283,22.16,0.0,505.2,0.0,0,21.5,45
2026-09-10T05:45:00.000Z,12.8,90,11.2,12.8,0.0,0.0,282,22.16,0.0,505.2,0.0,0,21.5,45
2026-09-10T06:00:00.000Z,12.8,89,11.0,12.8,0.0,0.0,282,22.15,0.0,505.2,0.0,0,21.4,45
2026-09-10T06:15:00.000Z,12.8,88,10.8,12.8,1.8,1.8,282,22.15,0.0,505.2,0.0,0,21.4,45
2026-09-10T06:30:00.000Z,12.9,88,10.9,12.9,0.0,0.0,282,22.15,0.0,505.2,0.0,0,21.4,45
2026-09-10T06:45:00.000Z,13.0,87,10.9,13.0,1.4,1.8,352,22.14,0.0,505.2,0.0,0,21.3,45
2026-09-10T07:00:00.000Z,12.9,88,10.9,12.9,0.4,1.8,38,22.13,0.0,505.2,0.0,0,21.3,46
2026-09-10T07:15:00.000Z,13.1,85,10.7,13.1,1.1,1.8,28,22.13,0.0,505.2,0.0,0,21.3,46
2026-09-10T07:30:00.000Z,13.2,84,10.6,13.2,0.0,0.0,356,22.12,0.0,505.2,0.0,0,21.3,46
2026-09-10T07:45:00.000Z,13.1,85,10.7,13.1,1.8,1.8,204,22.12,0.0,505.2,0.0,0,21.2,46
2026-09-10T08:00:00.000Z,13.0,87,10.9,13.0,0.0,0.0,74,22.12,0.0,505.2,0.0,0,21.2,46
2026-09-10T08:15:00.000Z,12.9,85,10.4,12.9,0.0,0.0,45,22.11,0.0,505.2,0.0,0,21.2,46
2026-09-10T08:30:00.000Z,12.9,83,10.1,12.9,1.8,1.8,304,22.11,0.0,505.2,0.0,0,21.2,46
2026-09-10T08:45:00.000Z,12.9,84,10.3,12.9,0.0,0.0,296,22.11,0.0,505.2,0.0,0,21.2,46
2026-09-10T09:00:00.000Z,12.9,84,10.3,12.9,1.1,1.8,295,22.11,0.0,505.2,0.0,0,21.1,46
2026-09-10T09:15:00.000Z,12.9,85,10.4,12.9,1.1,1.8,101,22.11,0.0,505.2,0.0,0,21.1,46
2026-09-10T09:30:00.000Z,13.0,85,10.6,13.0,0.0,0.0,123,22.12,0.0,505.2,0.0,0,21.1,46
2026-09-10T09:45:00.000Z,12.5,88,10.6,12.5,0.0,0.0,152,22.12,0.0,505.2,0.0,0,21.1,46
2026-09-10T10:00:00.000Z,12.5,87,10.4,12.5,0.0,0.0,151,22.12,0.0,505.2,0.0,0,21.0,46
2026-09-10T10:15:00.000Z,12.5,87,10.4,12.5,0.0,0.0,151,22.12,0.0,505.2,0.0,0,21.0,46
2026-09-10T10:30:00.000Z,12.8,84,10.2,12.8,2.2,3.6,100,22.13,0.0,505.2,0.0,0,21.0,46
2026-09-10T10:45:00.000Z,12.8,85,10.3,12.8,0.7,1.8,95,22.13,0.0,505.2,0.0,0,21.0,46
2026-09-10T11:00:00.000Z,12.8,84,10.2,12.8,0.4,1.8,107,22.13,0.0,505.2,0.3,0,20.9,47
2026-09-10T11:15:00.000Z,12.4,86,10.1,12.4,0.4,1.8,151,22.13,0.0,505.2,3.0,0,20.9,47
2026-09-10T11:30:00.000Z,12.4,86,10.1,12.4,1.1,1.8,219,22.14,0.0,505.2,6.3,0,20.9,47
2026-09-10T11:45:00.000Z,12.3,86,10.0,12.3,1.1,1.8,208,22.14,0.0,505.2,27.6,0,20.9,47
2026-09-10T12:00:00.000Z,12.9,84,10.3,12.9,0.7,1.8,119,22.14,0.0,505.2,54.3,0,20.8,47
2026-09-10T12:15:00.000Z,13.5,81,10.3,13.5,0.0,0.0,119,22.15,0.0,505.2,50.5,0,20.8,47
2026-09-10T12:30:00.000Z,14.1,78,10.3,14.1,1.8,1.8,100,22.16,0.0,505.2,104.2,1,20.8,47
2026-09-10T12:45:00.000Z,14.8,75,10.4,14.8,2.5,3.6,84,22.16,0.0,505.2,130.7,1,20.9,47
2026-09-10T13:00:00.000Z,15.4,73,10.6,15.4,0.4,1.8,76,22.16,0.0,505.2,92.8,0,21.0,47
2026-09-10T13:15:00.000Z,16.4,70,10.9,16.4,5.0,5.4,19,22.16,0.0,505.2,132.5,1,21.3,49
2026-09-10T13:30:00.000Z,17.1,67,10.9,17.1,0.0,0.0,60,22.16,0.0,505.2,135.1,1,21.5,49
2026-09-10T13:45:00.000Z,18.1,62,10.7,18.1,1.8,1.8,98,22.17,0.0,505.2,189.5,1,21.7,49
2026-09-10T14:00:00.000Z,18.5,56,9.6,18.5,6.5,7.2,146,22.17,0.0,505.2,182.7,1,22.0,49
2026-09-10T14:15:00.000Z,17.8,55,8.6,17.8,6.8,11.2,53,22.17,0.0,505.2,305.2,2,22.3,49
2026-09-10T14:30:00.000Z,17.8,55,8.6,17.8,7.9,11.2,71,22.18,0.0,505.2,648.7,6,22.7,49
2026-09-10T14:45:00.000Z,19.5,49,8.5,19.5,2.9,3.6,81,22.17,0.0,505.2,443.7,4,23.0,49
2026-09-10T15:00:00.000Z,19.4,50,8.7,19.4,5.0,7.2,63,22.17,0.0,505.2,224.7,2,23.4,47
2026-09-10T15:15:00.000Z,19.7,47,8.1,19.7,11.5,14.8,34,22.16,0.0,505.2,668.6,6,23.8,44
2026-09-10T15:30:00.000Z,19.9,46,7.9,19.9,1.1,1.8,75,22.16,0.0,505.2,714.4,6,23.9,41
2026-09-10T15:45:00.000Z,19.4,45,7.2,19.4,1.8,1.8,42,22.16,0.0,505.2,514.4,5,24.0,40
2026-09-10T16:00:00.000Z,19.9,44,7.3,19.9,7.9,11.2,86,22.15,0.0,505.2,236.1,2,24.0,38
2026-09-10T16:15:00.000Z,21.5,40,7.3,21.5,2.9,3.6,90,22.14,0.0,505.2,241.3,2,24.2,38
2026-09-10T16:30:00.000Z,21.3,40,7.2,21.3,4.0,5.4,146,22.14,0.0,505.2,888.6,8,24.4,36
2026-09-10T16:45:00.000Z,21.1,38,6.3,21.1,18.4,22.0,102,22.13,0.0,505.2,818.5,7,24.5,35
2026-09-10T17:00:00.000Z,21.6,39,7.1,21.6,13.7,16.6,83,22.13,0.0,505.2,875.7,8,24.5,35
2026-09-10T17:15:00.000Z,21.3,38,6.4,21.3,4.7,7.2,53,22.12,0.0,505.2,926.4,9,24.8,34
2026-09-10T17:30:00.000Z,21.4,38,6.5,21.4,5.8,11.2,100,22.12,0.0,505.2,942.6,9,25.0,33
2026-09-10T17:45:00.000Z,21.6,37,6.3,21.6,11.2,16.6,0,22.11,0.0,505.2,935.9,9,25.3,32
2026-09-10T18:00:00.000Z,21.5,37,6.2,21.5,16.6,20.2,10,22.11,0.0,505.2,808.4,7,25.3,32
2026-09-10T18:15:00.000Z,21.3,38,6.4,21.3,9.4,14.8,75,22.10,0.0,505.2,584.2,5,25.5,31
2026-09-10T18:30:00.000Z,21.6,38,6.7,21.6,12.2,16.6,87,22.09,0.0,505.2,340.1,3,25.5,31
2026-09-10T18:45:00.000Z,22.1,37,6.8,22.1,10.4,16.6,64,22.09,0.0,505.2,839.9,8,25.7,31
2026-09-10T19:00:00.000Z,21.6,37,6.3,21.6,11.9,14.8,66,22.09,0.0,505.2,760.8,7,25.9,31
2026-09-10T19:15:00.000Z,21.7,37,6.4,21.7,14.8,20.2,40,22.08,0.0,505.2,669.4,6,26.2,30
2026-09-10T19:30:00.000Z,22.2,37,6.8,22.2,5.0,7.2,93,22.07,0.0,505.2,676.1,6,26.7,30
2026-09-10T19:45:00.000Z,22.3,35,6.1,22.3,6.5,13.0,58,22.07,0.0,505.2,615.3,5,27.2,29
2026-09-10T20:00:00.000Z,21.6,37,6.3,21.6,22.0,27.7,89,22.07,0.0,505.2,320.0,3,27.7,29
2026-09-10T20:15:00.000Z,21.1,40,7.0,21.1,5.4,7.2,102,22.07,0.0,505.2,169.9,1,28.1,28
2026-09-10T20:30:00.000Z,20.8,39,6.3,20.8,7.9,11.2,100,22.06,0.0,505.2,479.3,4,28.8,28
2026-09-10T20:45:00.000Z,20.8,40,6.7,20.8,6.8,9.4,40,22.05,0.0,505.2,147.6,1,29.0,28
2026-09-10T21:00:00.000Z,20.4,41,6.7,20.4,5.0,7.2,105,22.06,0.0,505.2,118.9,1,29.4,27
2026-09-10T21:15:00.000Z,20.0,44,7.4,20.0,8.6,11.2,60,22.05,0.0,505.2,183.0,1,28.7,27
2026-09-10T21:30:00.000Z,20.2,44,7.6,20.2,10.4,14.8,46,22.06,0.0,505.2,211.8,2,29.3,27
2026-09-10T21:45:00.000Z,19.8,46,7.8,19.8,4.3,5.4,61,22.06,0.0,505.2,63.3,0,28.5,28
2026-09-10T22:00:00.000Z,19.2,47,7.7,19.2,14.8,16.6,55,22.06,0.0,505.2,28.9,0,27.4,29
2026-09-10T22:15:00.000Z,18.5,49,7.6,18.5,10.8,14.8,37,22.06,0.0,505.2,26.1,0,26.6,30
2026-09-10T22:30:00.000Z,18.2,50,7.6,18.2,9.4,13.0,70,22.06,0.0,505.2,25.2,0,26.1,31
2026-09-10T22:45:00.000Z,18.1,51,7.8,18.1,2.5,3.6,83,22.06,0.0,505.2,27.4,0,25.7,32
2026-09-10T23:00:00.000Z,18.1,51,7.8,18.1,5.4,7.2,19,22.07,0.0,505.2,10.5,0,25.4,32
2026-09-10T23:15:00.000Z,17.6,53,7.9,17.6,6.8,9.4,355,22.07,0.0,505.2,2.6,0,25.1,33
2026-09-10T23:30:00.000Z,17.1,55,8.0,17.1,1.4,1.8,23,22.07,0.0,505.2,0.1,0,24.8,33
2026-09-10T23:45:00.000Z,17.2,54,7.8,17.2,2.2,3.6,24,22.08,0.0,505.2,0.0,0,24.5,34
2026-09-11T00:00:00.000Z,16.7,56,7.9,16.7,1.4,1.8,50,22.09,0.0,505.2,0.0,0,24.3,34
2026-09-11T00:15:00.000Z,16.1,59,8.1,16.1,0.0,0.0,32,22.09,0.0,505.2,0.0,0,24.2,35
2026-09-11T00:30:00.000Z,15.8,60,8.1,15.8,0.0,0.0,46,22.09,0.0,505.2,0.0,0,24.2,35
2026-09-11T00:45:00.000Z,14.8,63,7.8,14.8,2.9,3.6,267,22.10,0.0,505.2,0.0,0,23.9,35
2026-09-11T01:00:00.000Z,14.5,64,7.8,14.5,6.1,7.2,298,22.10,0.0,505.2,0.0,0,23.7,35
2026-09-11T01:15:00.000Z,14.3,65,7.8,14.3,2.2,3.6,295,22.11,0.0,505.2,0.0,0,23.4,36
2026-09-11T01:30:00.000Z,14.3,65,7.8,14.3,1.4,1.8,15,22.12,0.0,505.2,0.0,0,23.2,36
2026-09-11T01:45:00.000Z,14.1,65,7.6,14.1,0.0,0.0,26,22.12,0.0,505.2,0.0,0,22.9,37
2026-09-11T02:00:00.000Z,13.7,67,7.7,13.7,6.8,11.2,279,22.13,0.0,505.2,0.0,0,22.7,37
2026-09-11T02:15:00.000Z,13.5,67,7.5,13.5,0.0,0.0,82,22.14,0.0,505.2,0.0,0,22.5,37
2026-09-11T02:30:00.000Z,13.1,68,7.3,13.1,4.3,5.4,266,22.14,0.0,505.2,0.0,0,22.4,38
2026-09-11T02:45:00.000Z,13.1,67,7.1,13.1,3.2,3.6,311,22.15,0.0,505.2,0.0,0,22.2,38
2026-09-11T03:00:00.000Z,12.9,68,7.1,12.9,1.4,1.8,334,22.15,0.0,505.2,0.0,0,22.1,38
2026-09-11T03:15:00.000Z,12.7,68,7.0,12.7,2.2,3.6,331,22.16,0.0,505.2,0.0,0,22.0,38
2026-09-11T03:30:00.000Z,12.5,68,6.8,12.5,2.2,3.6,10,22.15,0.0,505.2,0.0,0,21.9,39
2026-09-11T07:30:00.000Z,9.3,79,5.8,9.3,0.0,0.0,109,22.11,0.0,505.2,0.0,0,20.6,40
2026-09-11T07:45:00.000Z,8.7,81,5.7,8.7,0.0,0.0,109,22.12,0.0,505.2,0.0,0,20.6,40
2026-09-11T08:00:00.000Z,9.1,80,5.8,9.1,1.1,1.8,139,22.12,0.0,505.2,0.0,0,20.5,40
2026-09-11T08:15:00.000Z,8.9,80,5.6,8.9,1.8,1.8,310,22.12,0.0,505.2,0.0,0,20.4,40
2026-09-11T08:30:00.000Z,8.5,82,5.6,8.5,0.0,0.0,277,22.11,0.0,505.2,0.0,0,20.4,40
2026-09-11T08:45:00.000Z,8.3,82,5.4,8.3,1.8,1.8,277,22.11,0.0,505.2,0.0,0,20.3,40
2026-09-11T09:00:00.000Z,8.4,81,5.3,8.4,0.4,1.8,4,22.12,0.0,505.2,0.0,0,20.3,40
2026-09-11T09:15:00.000Z,8.1,83,5.4,8.1,1.8,1.8,202,22.11,0.0,505.2,0.0,0,20.2,40
2026-09-11T09:30:00.000Z,8.0,82,5.1,8.0,1.1,1.8,147,22.11,0.0,505.2,0.0,0,20.2,40
2026-09-11T09:45:00.000Z,7.8,83,5.1,7.8,0.0,0.0,46,22.11,0.0,505.2,0.0,0,20.2,40
2026-09-11T10:00:00.000Z,7.9,83,5.2,7.9,0.0,0.0,114,22.11,0.0,505.2,0.0,0,20.1,40
2026-09-11T10:15:00.000Z,7.8,83,5.1,7.8,0.0,0.0,182,22.11,0.0,505.2,0.0,0,20.0,40
2026-09-11T10:30:00.000Z,7.6,84,5.1,7.6,0.0,0.0,181,22.11,0.0,505.2,0.0,0,20.0,40
2026-09-11T10:45:00.000Z,7.4,85,5.1,7.4,0.0,0.0,182,22.12,0.0,505.2,0.0,0,20.0,40
2026-09-11T11:00:00.000Z,7.2,85,4.9,7.2,0.0,0.0,181,22.13,0.0,505.2,0.3,0,19.9,40
2026-09-11T11:15:00.000Z,7.2,84,4.7,7.2,0.0,0.0,179,22.13,0.0,505.2,4.3,0,19.9,40
2026-09-11T11:30:00.000Z,7.3,84,4.8,7.3,1.8,1.8,138,22.14,0.0,505.2,12.6,0,19.8,40
2026-09-11T11:45:00.000Z,7.5,84,5.0,7.5,0.0,0.0,136,22.15,0.0,505.2,17.1,0,19.8,40
2026-09-11T12:00:00.000Z,7.9,83,5.2,7.9,0.0,0.0,131,22.16,0.0,505.2,29.6,0,19.8,41
2026-09-11T12:15:00.000Z,8.5,81,5.4,8.5,1.8,1.8,159,22.16,0.0,505.2,53.5,0,19.8,41
2026-09-11T12:30:00.000Z,9.8,76,5.8,9.8,0.7,1.8,155,22.16,0.0,505.2,109.7,1,19.8,41
2026-09-11T12:45:00.000Z,10.8,73,6.1,10.8,1.8,1.8,153,22.17,0.0,505.2,137.3,1,20.0,40
2026-09-11T13:00:00.000Z,10.7,73,6.1,10.7,1.8,1.8,162,22.17,0.0,505.2,84.1,0,20.1,41
2026-09-11T13:15:00.000Z,11.8,70,6.5,11.8,1.1,1.8,132,22.17,0.0,505.2,153.4,1,20.3,43
2026-09-11T13:30:00.000Z,13.1,67,7.1,13.1,1.1,1.8,125,22.17,0.0,505.2,150.9,1,20.6,42
2026-09-11T13:45:00.000Z,14.5,62,7.3,14.5,0.0,0.0,85,22.18,0.0,505.2,164.8,1,21.0,42
2026-09-11T14:00:00.000Z,14.4,61,6.9,14.4,1.4,1.8,76,22.18,0.0,505.2,131.5,1,21.3,41
2026-09-11T14:15:00.000Z,14.8,61,7.3,14.8,1.1,1.8,22,22.18,0.0,505.2,147.5,1,21.3,40
2026-09-11T14:30:00.000Z,15.4,59,7.4,15.4,2.2,3.6,274,22.19,0.0,505.2,180.8,1,21.4,40
2026-09-11T14:45:00.000Z,14.9,61,7.4,14.9,0.4,1.8,84,22.19,0.0,505.2,101.7,0,21.5,39
2026-09-11T15:00:00.000Z,14.9,63,7.9,14.9,0.0,0.0,110,22.20,0.0,505.2,95.5,0,21.5,39
2026-09-11T15:15:00.000Z,15.6,61,8.1,15.6,1.8,1.8,101,22.20,0.0,505.2,124.2,1,21.6,39
2026-09-11T15:30:00.000Z,16.3,60,8.5,16.3,1.4,1.8,43,22.20,0.0,505.2,110.2,1,21.8,39
2026-09-11T16:30:00.000Z,18.0,57,9.4,18.0,1.8,1.8,96,22.18,0.0,505.2,271.1,2,23.0,39
2026-09-11T16:45:00.000Z,18.1,57,9.4,18.1,0.4,1.8,73,22.17,0.0,505.2,171.1,1,23.1,39
2026-09-11T17:00:00.000Z,17.9,56,9.0,17.9,3.6,5.4,313,22.17,0.0,505.2,450.1,4,23.1,39
2026-09-11T17:15:00.000Z,18.5,54,9.0,18.5,11.2,14.8,69,22.16,0.0,505.2,334.0,3,23.6,38
2026-09-11T17:30:00.000Z,18.6,54,9.1,18.6,9.7,14.8,71,22.16,0.0,505.2,385.1,3,23.8,38
2026-09-11T17:45:00.000Z,19.1,52,9.1,19.1,9.7,13.0,80,22.14,0.0,505.2,468.4,4,24.1,38
2026-09-11T18:00:00.000Z,19.3,51,8.9,19.3,6.5,11.2,113,22.14,0.0,505.2,176.5,1,24.2,37
2026-09-11T18:15:00.000Z,18.6,53,8.8,18.6,3.2,3.6,68,22.13,0.0,505.2,177.9,1,24.1,38
2026-09-11T18:30:00.000Z,18.7,54,9.2,18.7,4.0,5.4,56,22.12,0.0,505.2,242.0,2,24.1,37
2026-09-11T18:45:00.000Z,18.9,53,9.1,18.9,1.4,1.8,36,22.11,0.0,505.2,200.5,1,24.0,38
2026-09-11T19:00:00.000Z,19.4,51,9.0,19.4,3.6,5.4,2,22.11,0.0,505.2,143.9,1,24.1,37
2026-09-11T19:15:00.000Z,20.7,49,9.6,20.7,1.1,1.8,147,22.10,0.0,505.2,101.3,0,24.1,37
2026-09-11T20:15:00.000Z,20.3,49,9.2,20.3,7.2,13.0,60,22.07,0.0,505.2,174.5,1,24.7,37
2026-09-11T20:30:00.000Z,19.6,51,9.2,19.6,6.1,9.4,72,22.07,0.0,505.2,156.3,1,24.6,37
2026-09-11T20:45:00.000Z,19.7,52,9.6,19.7,10.1,13.0,47,22.07,0.0,505.2,139.5,1,24.6,37
2026-09-11T21:00:00.000Z,18.6,56,9.7,18.6,11.2,18.4,93,22.07,0.0,505.2,137.6,1,24.5,37
2026-09-11T21:15:00.000Z,18.2,58,9.8,18.2,9.4,9.4,99,22.07,0.0,505.2,97.1,0,24.5,37
2026-09-11T21:30:00.000Z,17.9,59,9.8,17.9,10.4,13.0,52,22.07,0.0,505.2,84.5,0,24.2,38
2026-09-11T21:45:00.000Z,17.7,60,9.9,17.7,4.3,5.4,57,22.07,0.0,505.2,84.7,0,24.1,38
2026-09-11T22:00:00.000Z,17.8,59,9.7,17.8,10.4,14.8,67,22.07,0.0,505.2,50.3,0,24.0,38
2026-09-11T22:15:00.000Z,17.5,60,9.7,17.5,1.4,1.8,149,22.08,0.0,505.2,25.9,0,23.8,39
2026-09-11T22:30:00.000Z,17.4,60,9.6,17.4,3.6,3.6,45,22.07,0.0,505.2,32.5,0,23.7,39
2026-09-11T22:45:00.000Z,17.3,61,9.7,17.3,8.6,11.2,42,22.07,0.0,505.2,10.2,0,23.4,39
2026-09-11T23:00:00.000Z,17.1,61,9.6,17.1,3.6,3.6,29,22.08,0.0,505.2,3.4,0,23.2,40
2026-09-11T23:15:00.000Z,17.0,61,9.4,17.0,10.1,13.0,76,22.09,0.0,505.2,1.7,0,23.0,40
2026-09-11T23:30:00.000Z,16.7,61,9.2,16.7,2.9,3.6,67,22.09,0.0,505.2,0.1,0,22.8,40
2026-09-11T23:45:00.000Z,16.5,61,8.9,16.5,7.9,9.4,68,22.09,0.0,505.2,0.0,0,22.7,40
2026-09-12T00:00:00.000Z,16.4,62,9.1,16.4,1.4,1.8,27,22.09,0.0,505.2,0.0,0,22.5,40
2026-09-12T00:15:00.000Z,16.3,63,9.2,16.3,0.0,0.0,64,22.10,0.0,505.2,0.0,0,22.4,41
2026-09-12T00:30:00.000Z,16.2,65,9.7,16.2,5.4,7.2,59,22.10,0.0,505.2,0.0,0,22.3,41
2026-09-12T00:45:00.000Z,16.1,64,9.3,16.1,5.4,7.2,353,22.11,0.0,505.2,0.0,0,22.2,41
2026-09-12T01:00:00.000Z,16.1,65,9.6,16.1,1.1,1.8,72,22.11,0.0,505.2,0.0,0,22.1,41
2026-09-12T01:15:00.000Z,15.8,67,9.7,15.8,1.8,1.8,65,22.11,0.0,505.2,0.0,0,22.0,41
2026-09-12T01:30:00.000Z,15.5,68,9.6,15.5,2.5,3.6,49,22.12,0.0,505.2,0.0,0,21.9,41
2026-09-12T01:45:00.000Z,15.2,69,9.6,15.2,2.2,3.6,58,22.12,0.0,505.2,0.0,0,21.8,41
2026-09-12T02:00:00.000Z,15.0,70,9.6,15.0,2.5,3.6,86,22.12,0.0,505.2,0.0,0,21.7,41
2026-09-12T02:15:00.000Z,14.9,70,9.5,14.9,0.0,0.0,45,22.12,0.0,505.2,0.0,0,21.7,42
2026-09-12T02:30:00.000Z,14.6,71,9.4,14.6,0.4,1.8,45,22.13,0.0,505.2,0.0,0,21.6,42
2026-09-12T02:45:00.000Z,14.5,72,9.5,14.5,1.1,1.8,48,22.13,0.0,505.2,0.0,0,21.5,42
2026-09-12T03:00:00.000Z,14.5,72,9.5,14.5,1.8,1.8,331,22.13,0.0,505.2,0.0,0,21.4,42
2026-09-12T03:15:00.000Z,14.3,73,9.5,14.3,3.6,3.6,295,22.14,0.0,505.2,0.0,0,21.4,42
2026-09-12T03:30:00.000Z,14.1,73,9.3,14.1,1.1,1.8,346,22.13,0.0,505.2,0.0,0,21.3,42
2026-09-12T03:45:00.000Z,13.7,75,9.4,13.7,2.5,3.6,341,22.14,0.0,505.2,0.0,0,21.3,42
2026-09-12T04:00:00.000Z,13.5,76,9.3,13.5,1.1,1.8,1,22.13,0.0,505.2,0.0,0,21.2,42
2026-09-12T04:15:00.000Z,13.1,78,9.4,13.1,0.0,0.0,359,22.14,0.0,505.2,0.0,0,21.2,42
2026-09-12T04:30:00.000Z,12.2,80,8.9,12.2,0.0,0.0,359,22.14,0.0,505.2,0.0,0,21.1,43
2026-09-12T04:45:00.000Z,12.0,82,9.0,12.0,0.0,0.0,359,22.13,0.0,505.2,0.0,0,21.0,43
2026-09-12T05:00:00.000Z,11.7,82,8.8,11.7,0.4,1.8,359,22.14,0.0,505.2,0.0,0,21.0,43
2026-09-12T05:15:00.000Z,11.7,82,8.8,11.7,1.4,1.8,358,22.14,0.0,505.2,0.0,0,21.0,43
2026-09-12T05:30:00.000Z,11.1,84,8.5,11.1,0.0,0.0,358,22.14,0.0,505.2,0.0,0,20.9,43
2026-09-12T05:45:00.000Z,10.9,84,8.3,10.9,0.0,0.0,354,22.13,0.0,505.2,0.0,0,20.9,43
2026-09-12T06:00:00.000Z,10.8,84,8.2,10.8,0.0,0.0,350,22.13,0.0,505.2,0.0,0,20.8,43
2026-09-12T06:15:00.000Z,10.3,86,8.1,10.3,0.0,0.0,342,22.13,0.0,505.2,0.0,0,20.7,43
2026-09-12T06:30:00.000Z,10.4,86,8.2,10.4,0.0,0.0,342,22.12,0.0,505.2,0.0,0,20.7,43
2026-09-12T06:45:00.000Z,10.3,86,8.1,10.3,0.0,0.0,341,22.12,0.0,505.2,0.0,0,20.6,43
2026-09-12T07:00:00.000Z,10.0,87,7.9,10.0,0.0,0.0,339,22.12,0.0,505.2,0.0,0,20.6,43
2026-09-12T07:15:00.000Z,9.6,89,7.9,9.6,0.0,0.0,339,22.11,0.0,505.2,0.0,0,20.5,44
2026-09-12T07:30:00.000Z,9.4,88,7.5,9.4,0.0,0.0,318,22.11,0.0,505.2,0.0,0,20.5,44
2026-09-12T07:45:00.000Z,9.3,88,7.4,9.3,0.4,1.8,315,22.11,0.0,505.2,0.0,0,20.4,44
2026-09-12T08:00:00.000Z,9.1,87,7.1,9.1,0.7,1.8,315,22.11,0.0,505.2,0.0,0,20.3,44
2026-09-12T08:15:00.000Z,8.9,87,6.8,8.9,0.0,0.0,315,22.11,0.0,505.2,0.0,0,20.2,44
2026-09-12T08:30:00.000Z,8.9,87,6.8,8.9,0.7,1.8,270,22.11,0.0,505.2,0.0,0,20.2,44
2026-09-12T08:45:00.000Z,8.7,86,6.5,8.7,0.0,0.0,260,22.10,0.0,505.2,0.0,0,20.2,44
2026-09-12T09:00:00.000Z,8.6,86,6.4,8.6,0.0,0.0,261,22.10,0.0,505.2,0.0,0,20.1,44
2026-09-12T09:15:00.000Z,8.7,85,6.3,8.7,0.0,0.0,260,22.11,0.0,505.2,0.0,0,20.1,44
2026-09-12T09:30:00.000Z,9.3,85,6.9,8.3,7.2,7.2,135,22.11,0.0,505.2,0.0,0,20.0,44
2026-09-12T09:45:00.000Z,9.9,83,7.2,9.9,0.0,0.0,51,22.11,0.0,505.2,0.0,0,20.0,44
2026-09-12T10:00:00.000Z,10.0,83,7.2,10.0,2.2,3.6,244,22.12,0.0,505.2,0.0,0,20.0,44
2026-09-12T10:15:00.000Z,9.8,84,7.2,9.8,0.0,0.0,92,22.12,0.0,505.2,0.0,0,19.9,44
2026-09-12T10:30:00.000Z,10.3,82,7.3,10.3,0.4,1.8,102,22.11,0.0,505.2,0.0,0,19.9,44
2026-09-12T10:45:00.000Z,10.6,81,7.5,10.6,3.6,5.4,109,22.12,0.0,505.2,0.0,0,19.9,44
2026-09-12T11:00:00.000Z,10.5,81,7.4,10.5,3.2,3.6,104,22.12,0.0,505.2,0.2,0,19.9,44
2026-09-12T11:15:00.000Z,10.4,81,7.3,10.4,0.4,1.8,114,22.13,0.0,505.2,3.6,0,19.9,44
2026-09-12T11:30:00.000Z,10.4,81,7.3,10.4,1.1,1.8,129,22.13,0.0,505.2,13.1,0,19.9,44
2026-09-12T11:45:00.000Z,10.5,81,7.4,10.5,0.0,0.0,129,22.13,0.0,505.2,23.6,0,19.9,43
2026-09-12T12:00:00.000Z,10.8,80,7.4,10.8,0.0,0.0,129,22.14,0.0,505.2,35.4,0,19.9,43
2026-09-12T12:15:00.000Z,11.4,78,7.7,11.4,0.7,1.8,133,22.15,0.0,505.2,51.2,0,19.9,43
2026-09-12T12:30:00.000Z,11.6,77,7.7,11.6,0.0,0.0,130,22.15,0.0,505.2,75.6,0,20.0,43
2026-09-12T12:45:00.000Z,12.7,74,8.2,12.7,0.0,0.0,139,22.16,0.0,505.2,225.8,2,20.0,43
2026-09-12T13:00:00.000Z,15.7,62,8.4,15.7,0.0,0.0,66,22.16,0.0,505.2,209.2,2,20.2,43
2026-09-12T13:15:00.000Z,16.8,60,9.0,16.8,1.4,1.8,113,22.16,0.0,505.2,217.6,2,20.4,43
2026-09-12T13:30:00.000Z,18.2,55,9.1,18.2,1.8,1.8,39,22.16,0.0,505.2,198.2,1,20.6,43
2026-09-12T13:45:00.000Z,17.1,59,9.1,17.1,0.0,0.0,108,22.17,0.0,505.2,219.8,2,20.8,43
2026-09-12T14:00:00.000Z,17.3,59,9.2,17.3,2.9,3.6,65,22.18,0.0,505.2,240.6,2,21.0,43
2026-09-12T14:15:00.000Z,17.5,59,9.4,17.5,3.6,3.6,75,22.18,0.0,505.2,245.6,2,21.1,43
2026-09-12T14:30:00.000Z,17.8,58,9.4,17.8,6.5,9.4,54,22.18,0.0,505.2,329.9,3,21.2,43
2026-09-12T14:45:00.000Z,18.4,56,9.4,18.4,10.8,11.2,116,22.18,0.0,505.2,263.5,2,21.3,43
2026-09-12T15:00:00.000Z,17.7,58,9.4,17.7,8.6,9.4,83,22.18,0.0,505.2,249.7,2,21.5,42
2026-09-12T15:15:00.000Z,18.0,57,9.4,18.0,6.8,7.2,39,22.18,0.0,505.2,319.2,3,21.8,42
2026-09-12T15:30:00.000Z,18.1,56,9.2,18.1,6.1,7.2,18,22.17,0.0,505.2,304.4,2,21.9,42
2026-09-12T15:45:00.000Z,18.4,55,9.2,18.4,8.3,16.6,92,22.18,0.0,505.2,276.8,2,22.1,41
2026-09-12T16:00:00.000Z,17.9,57,9.3,17.9,1.8,1.8,30,22.18,0.0,505.2,292.6,2,22.3,41
2026-09-12T16:15:00.000Z,18.5,55,9.3,18.5,13.7,16.6,53,22.18,0.0,505.2,349.6,3,22.4,41
2026-09-12T16:30:00.000Z,18.2,56,9.3,18.2,5.4,7.2,46,22.17,0.0,505.2,385.9,3,22.5,41
2026-09-12T16:45:00.000Z,19.4,52,9.3,19.4,5.4,9.4,66,22.16,0.0,505.2,706.5,6,22.7,41
2026-09-12T17:00:00.000Z,19.6,51,9.2,19.6,3.6,5.4,76,22.15,0.0,505.2,330.0,3,22.9,40
2026-09-12T17:15:00.000Z,21.1,47,9.4,21.1,9.4,13.0,38,22.14,0.0,505.2,925.7,9,23.0,40
2026-09-12T17:30:00.000Z,20.4,48,9.0,20.4,11.5,14.8,81,22.14,0.0,505.2,735.9,7,23.2,40
2026-09-12T17:45:00.000Z,20.2,49,9.2,20.2,13.3,18.4,38,22.14,0.0,505.2,346.4,3,23.2,40
2026-09-12T18:00:00.000Z,20.9,46,8.8,20.9,18.0,23.8,110,22.13,0.0,505.2,1083.3,10,23.4,40
2026-09-12T18:15:00.000Z,20.2,47,8.6,20.2,12.2,16.6,66,22.12,0.0,505.2,292.8,2,23.5,40
2026-09-12T18:30:00.000Z,20.9,46,8.8,20.9,7.9,11.2,52,22.11,0.0,505.2,185.6,1,23.5,39
2026-09-12T18:45:00.000Z,20.9,46,8.8,20.9,11.2,13.0,49,22.10,0.0,505.2,1047.1,10,23.7,39
2026-09-12T19:00:00.000Z,21.5,45,9.1,21.5,18.7,22.0,85,22.10,0.0,505.2,822.8,8,23.9,39
2026-09-12T19:15:00.000Z,20.9,46,8.8,20.9,6.5,9.4,83,22.09,0.0,505.2,208.8,2,24.1,39
2026-09-12T19:30:00.000Z,20.8,48,9.4,20.8,8.3,11.2,94,22.09,0.0,505.2,238.8,2,24.0,39
2026-09-12T19:45:00.000Z,20.7,48,9.3,20.7,11.2,13.0,86,22.09,0.0,505.2,252.0,2,24.3,38
2026-09-12T20:00:00.000Z,20.7,46,8.7,20.7,4.0,5.4,72,22.08,0.0,505.2,330.9,3,24.5,38
2026-09-12T20:15:00.000Z,21.1,45,8.7,21.1,5.4,7.2,50,22.08,0.0,505.2,131.6,1,24.7,38
2026-09-12T20:30:00.000Z,20.7,47,9.0,20.7,7.2,9.4,52,22.07,0.0,505.2,100.0,0,24.5,38
2026-09-12T20:45:00.000Z,19.9,50,9.2,19.9,6.1,7.2,97,22.08,0.0,505.2,127.5,1,24.3,38
2026-09-12T21:00:00.000Z,19.7,51,9.3,19.7,9.7,13.0,79,22.07,0.0,505.2,175.3,1,24.1,38
2026-09-12T21:15:00.000Z,19.7,51,9.3,19.7,9.4,11.2,81,22.08,0.0,505.2,83.4,0,24.1,39
2026-09-12T21:30:00.000Z,19.0,53,9.2,19.0,10.4,14.8,44,22.08,0.0,505.2,88.8,0,23.9,39
2026-09-12T21:45:00.000Z,18.9,54,9.4,18.9,4.0,5.4,77,22.08,0.0,505.2,88.3,0,23.8,39
2026-09-12T22:00:00.000Z,18.8,56,9.8,18.8,4.7,7.2,37,22.09,0.0,505.2,54.6,0,23.7,39
2026-09-12T22:15:00.000Z,18.7,55,9.5,18.7,6.5,11.2,68,22.09,0.0,505.2,56.9,0,23.5,39
2026-09-12T22:30:00.000Z,18.4,56,9.4,18.4,4.0,5.4,88,22.09,0.0,505.2,36.8,0,23.3,39
2026-09-12T22:45:00.000Z,18.2,55,9.1,18.2,4.0,9.4,69,22.09,0.0,505.2,22.6,0,23.2,40
2026-09-12T23:00:00.000Z,17.9,56,9.0,17.9,1.4,1.8,43,22.09,0.0,505.2,8.8,0,23.0,40
2026-09-12T23:15:00.000Z,17.6,57,9.0,17.6,5.4,11.2,71,22.09,0.0,505.2,3.2,0,22.9,40
2026-09-12T23:30:00.000Z,17.2,59,9.2,17.2,3.6,3.6,20,22.11,0.0,505.2,0.1,0,22.7,40
2026-09-12T23:45:00.000Z,16.8,60,9.0,16.8,0.0,0.0,44,22.11,0.0,505.2,0.0,0,22.6,40
2026-09-13T00:00:00.000Z,16.3,62,9.0,16.3,1.1,1.8,31,22.11,0.0,505.2,0.0,0,22.4,41
2026-09-13T00:15:00.000Z,16.1,62,8.8,16.1,0.0,0.0,37,22.12,0.0,505.2,0.0,0,22.3,41
2026-09-13T00:30:00.000Z,15.8,64,9.0,15.8,0.4,1.8,19,22.12,0.0,505.2,0.0,0,22.2,41
2026-09-13T00:45:00.000Z,15.4,65,8.8,15.4,1.1,1.8,22,22.12,0.0,505.2,0.0,0,22.1,41
2026-09-13T01:00:00.000Z,14.6,69,9.0,14.6,2.9,3.6,279,22.12,0.0,505.2,0.0,0,22.0,41
2026-09-13T01:15:00.000Z,14.2,70,8.8,14.2,3.6,3.6,284,22.13,0.0,505.2,0.0,0,21.8,41
2026-09-13T01:30:00.000Z,13.7,72,8.8,13.7,2.5,3.6,314,22.13,0.0,505.2,0.0,0,21.7,42
2026-09-13T01:45:00.000Z,13.7,72,8.8,13.7,0.4,1.8,27,22.14,0.0,505.2,0.0,0,21.7,42
2026-09-13T02:00:00.000Z,13.5,72,8.6,13.5,4.7,5.4,305,22.14,0.0,505.2,0.0,0,21.5,42
2026-09-13T02:15:00.000Z,13.4,72,8.4,13.4,1.4,1.8,302,22.15,0.0,505.2,0.0,0,21.5,42
2026-09-13T02:30:00.000Z,13.5,71,8.3,13.5,3.6,5.4,350,22.15,0.0,505.2,0.0,0,21.4,42
2026-09-13T02:45:00.000Z,13.9,70,8.5,13.9,0.4,1.8,22,22.15,0.0,505.2,0.0,0,21.3,42
2026-09-13T03:00:00.000Z,13.3,73,8.6,13.3,0.4,1.8,350,22.15,0.0,505.2,0.0,0,21.3,42
2026-09-13T03:15:00.000Z,12.9,74,8.4,12.9,0.0,0.0,345,22.16,0.0,505.2,0.0,0,21.2,42
2026-09-13T03:30:00.000Z,12.2,76,8.1,12.2,1.8,1.8,170,22.16,0.0,505.2,0.0,0,21.2,42
2026-09-13T03:45:00.000Z,11.7,78,8.0,11.7,0.0,0.0,126,22.16,0.0,505.2,0.0,0,21.1,43
2026-09-13T04:00:00.000Z,11.7,78,8.0,11.7,1.8,1.8,136,22.16,0.0,505.2,0.0,0,21.0,43
2026-09-13T04:15:00.000Z,11.4,78,7.7,11.4,0.0,0.0,136,22.16,0.0,505.2,0.0,0,21.0,43
2026-09-13T04:30:00.000Z,11.0,80,7.7,11.0,0.4,1.8,118,22.16,0.0,505.2,0.0,0,20.9,43
2026-09-13T04:45:00.000Z,10.8,81,7.7,10.8,0.0,0.0,118,22.16,0.0,505.2,0.0,0,20.8,43
2026-09-13T05:00:00.000Z,10.9,80,7.6,10.9,0.0,0.0,178,22.16,0.0,505.2,0.0,0,20.8,43
2026-09-13T05:15:00.000Z,10.7,81,7.6,10.7,0.0,0.0,178,22.16,0.0,505.2,0.0,0,20.7,43
2026-09-13T05:30:00.000Z,10.3,83,7.5,10.3,0.0,0.0,178,22.16,0.0,505.2,0.0,0,20.7,43
2026-09-13T05:45:00.000Z,10.3,82,7.3,10.3,0.4,1.8,178,22.15,0.0,505.2,0.0,0,20.6,43
2026-09-13T06:00:00.000Z,10.0,83,7.2,10.0,0.0,0.0,178,22.15,0.0,505.2,0.0,0,20.6,43
2026-09-13T06:15:00.000Z,10.0,82,7.1,10.0,0.0,0.0,178,22.14,0.0,505.2,0.0,0,20.5,43
2026-09-13T06:30:00.000Z,10.0,83,7.2,10.0,0.7,1.8,179,22.14,0.0,505.2,0.0,0,20.5,43
2026-09-13T06:45:00.000Z,9.9,81,6.8,9.9,0.0,0.0,178,22.14,0.0,505.2,0.0,0,20.4,43
2026-09-13T07:00:00.000Z,9.6,84,7.1,9.6,0.0,0.0,178,22.13,0.0,505.2,0.0,0,20.3,43
2026-09-13T07:15:00.000Z,9.6,84,7.1,9.6,0.0,0.0,178,22.13,0.0,505.2,0.0,0,20.3,43
2026-09-13T07:30:00.000Z,9.7,84,7.2,9.7,1.8,1.8,243,22.13,0.0,505.2,0.0,0,20.2,43
2026-09-13T07:45:00.000Z,10.2,80,6.9,10.2,0.4,1.8,280,22.13,0.0,505.2,0.0,0,20.2,43
2026-09-13T08:00:00.000Z,10.0,80,6.7,10.0,0.0,0.0,280,22.12,0.0,505.2,0.0,0,20.2,43
2026-09-13T08:15:00.000Z,9.7,82,6.8,9.7,0.0,0.0,125,22.12,0.0,505.2,0.0,0,20.1,43
2026-09-13T08:30:00.000Z,10.0,81,6.9,10.0,0.0,0.0,125,22.11,0.0,505.2,0.0,0,20.1,43
2026-09-13T08:45:00.000Z,10.3,80,7.0,10.3,0.0,0.0,125,22.12,0.0,505.2,0.0,0,20.1,43
2026-09-13T09:00:00.000Z,10.5,80,7.2,10.5,0.0,0.0,126,22.12,0.0,505.2,0.0,0,20.1,43
2026-09-13T09:15:00.000Z,10.7,79,7.2,10.7,1.8,1.8,126,22.12,0.0,505.2,0.0,0,20.0,43
2026-09-13T09:30:00.000Z,11.1,77,7.2,11.1,0.0,0.0,87,22.12,0.0,505.2,0.0,0,20.0,43
2026-09-13T09:45:00.000Z,11.3,76,7.2,11.3,0.0,0.0,78,22.13,0.0,505.2,0.0,0,20.0,43
2026-09-13T10:00:00.000Z,11.4,76,7.3,11.4,0.0,0.0,84,22.12,0.0,505.2,0.0,0,20.0,43
2026-09-13T10:15:00.000Z,11.5,76,7.4,11.5,0.7,1.8,101,22.13,0.0,505.2,0.0,0,20.0,43
2026-09-13T10:30:00.000Z,11.2,78,7.6,11.2,1.8,1.8,143,22.14,0.0,505.2,0.0,0,20.0,43
2026-09-13T10:45:00.000Z,11.0,79,7.5,11.0,3.6,3.6,283,22.14,0.0,505.2,0.0,0,20.0,43
2026-09-13T11:00:00.000Z,11.0,79,7.5,11.0,0.7,1.8,27,22.14,0.0,505.2,0.1,0,20.0,43
2026-09-13T11:15:00.000Z,11.1,79,7.6,11.1,0.0,0.0,30,22.14,0.0,505.2,1.6,0,20.0,43
2026-09-13T11:30:00.000Z,11.4,79,7.9,11.4,0.0,0.0,30,22.15,0.0,505.2,4.7,0,19.9,43
2026-09-13T11:45:00.000Z,11.7,78,8.0,11.7,0.4,1.8,30,22.16,0.0,505.2,25.2,0,20.0,43
2026-09-13T12:00:00.000Z,11.9,78,8.2,11.9,1.4,1.8,355,22.16,0.0,505.2,46.7,0,20.0,43
2026-09-13T12:15:00.000Z,12.2,77,8.3,12.2,0.0,0.0,359,22.16,0.0,505.2,45.1,0,20.0,43
2026-09-13T12:30:00.000Z,12.7,76,8.6,12.7,0.4,1.8,105,22.17,0.0,505.2,88.4,0,20.0,43
2026-09-13T12:45:00.000Z,13.1,74,8.6,13.1,1.1,1.8,82,22.17,0.0,505.2,55.5,0,20.1,43
2026-09-13T13:00:00.000Z,13.2,72,8.3,13.2,1.4,1.8,78,22.17,0.0,505.2,201.0,1,20.2,43
2026-09-13T13:15:00.000Z,14.2,70,8.8,14.2,2.9,3.6,64,22.17,0.0,505.2,94.3,0,20.3,43
2026-09-13T13:30:00.000Z,13.6,71,8.4,13.6,1.4,1.8,103,22.17,0.0,505.2,110.3,1,20.4,43
2026-09-13T13:45:00.000Z,14.0,70,8.6,14.0,2.9,3.6,99,22.18,0.0,505.2,127.5,1,20.5,43
2026-09-13T14:00:00.000Z,14.7,68,8.9,14.7,1.8,1.8,129,22.18,0.0,505.2,157.1,1,20.5,43
2026-09-13T14:15:00.000Z,15.2,67,9.2,15.2,0.4,1.8,96,22.18,0.0,505.2,183.2,1,20.6,43
2026-09-13T14:30:00.000Z,16.1,64,9.3,16.1,0.0,0.0,49,22.18,0.0,505.2,253.7,2,20.8,43
2026-09-13T14:45:00.000Z,16.9,62,9.6,16.9,1.4,1.8,118,22.18,0.0,505.2,183.7,1,20.9,42
2026-09-13T15:00:00.000Z,17.5,60,9.7,17.5,1.1,1.8,49,22.18,0.0,505.2,330.2,3,21.1,42
2026-09-13T15:15:00.000Z,18.3,57,9.6,18.3,2.9,3.6,77,22.17,0.0,505.2,258.5,2,21.3,42
2026-09-13T15:30:00.000Z,17.4,61,9.8,17.4,8.6,9.4,85,22.17,0.0,505.2,256.2,2,21.4,42
2026-09-13T15:45:00.000Z,17.1,61,9.6,17.1,1.4,5.4,94,22.17,0.0,505.2,174.8,1,21.5,42
2026-09-13T16:00:00.000Z,17.4,60,9.6,17.4,6.5,7.2,69,22.17,0.0,505.2,183.4,1,21.6,42
2026-09-13T16:15:00.000Z,17.4,60,9.6,17.4,9.7,13.0,95,22.16,0.0,505.2,206.3,2,21.7,42
2026-09-13T16:30:00.000Z,17.9,58,9.5,17.9,4.3,5.4,60,22.16,0.0,505.2,342.6,3,21.7,42
2026-09-13T16:45:00.000Z,18.8,55,9.6,18.8,6.1,7.2,139,22.16,0.0,505.2,1018.5,9,22.0,41
2026-09-13T17:00:00.000Z,19.0,55,9.8,19.0,10.4,13.0,14,22.15,0.0,505.2,476.4,4,22.2,41
2026-09-13T17:15:00.000Z,19.1,55,9.9,19.1,4.3,7.2,93,22.14,0.0,505.2,350.9,3,22.4,41
2026-09-13T17:30:00.000Z,19.7,53,9.9,19.7,10.8,14.8,66,22.14,0.0,505.2,744.2,7,22.5,41
2026-09-13T17:45:00.000Z,19.8,53,9.9,19.8,4.7,5.4,64,22.13,0.0,505.2,348.6,3,22.8,41
2026-09-13T18:00:00.000Z,19.3,55,10.0,19.3,3.6,3.6,46,22.12,0.0,505.2,151.6,1,22.8,41
2026-09-13T18:15:00.000Z,19.3,55,10.0,19.3,13.0,14.8,104,22.11,0.0,505.2,265.8,2,22.8,41
2026-09-13T18:30:00.000Z,19.9,53,10.1,19.9,6.5,9.4,94,22.10,0.0,505.2,305.1,2,22.9,41
2026-09-13T18:45:00.000Z,19.5,62,12.1,19.5,6.5,9.4,80,22.10,0.0,505.2,97.1,0,22.9,41
2026-09-13T19:00:00.000Z,18.6,62,11.2,18.6,6.1,9.4,56,22.09,0.0,505.2,281.9,2,22.9,41
2026-09-13T19:15:00.000Z,19.2,55,9.9,19.2,8.3,9.4,58,22.08,0.0,505.2,390.2,3,22.9,41
2026-09-13T19:30:00.000Z,19.9,54,10.3,19.9,3.2,3.6,65,22.08,0.0,505.2,205.3,2,23.1,40
2026-09-13T19:45:00.000Z,19.3,59,11.1,19.3,9.0,11.2,94,22.08,0.0,505.2,125.4,1,23.1,40
2026-09-13T20:00:00.000Z,17.0,73,12.1,17.0,8.3,11.2,89,22.08,0.0,505.2,274.3,2,23.0,41
2026-09-13T20:15:00.000Z,17.9,65,11.2,17.9,4.0,5.4,183,22.07,0.0,505.2,246.9,2,23.2,41
2026-09-13T20:30:00.000Z,18.6,59,10.4,18.6,2.5,3.6,62,22.07,0.0,505.2,582.0,5,23.3,40
2026-09-13T20:45:00.000Z,20.3,54,10.7,20.3,1.4,1.8,130,22.06,0.0,505.2,138.9,1,24.0,40
2026-09-13T21:00:00.000Z,19.7,56,10.7,19.7,6.5,7.2,79,22.06,0.0,505.2,206.9,2,23.8,40
2026-09-13T21:15:00.000Z,19.9,55,10.6,19.9,5.4,7.2,76,22.04,0.0,505.2,114.2,1,24.1,39
2026-09-13T21:30:00.000Z,19.1,56,10.1,19.1,9.0,11.2,90,22.05,0.0,505.2,81.3,0,24.1,39
2026-09-13T21:45:00.000Z,19.7,55,10.4,19.7,7.9,11.2,43,22.05,0.0,505.2,48.1,0,24.8,39
2026-09-13T22:00:00.000Z,18.7,57,10.1,18.7,5.4,5.4,72,22.06,0.0,505.2,67.4,0,24.4,39
2026-09-13T22:15:00.000Z,18.6,57,9.9,18.6,2.9,3.6,8,22.06,0.0,505.2,43.7,0,24.0,39
2026-09-13T22:30:00.000Z,18.2,57,9.6,18.2,5.4,9.4,49,22.07,0.0,505.2,25.9,0,23.8,40
2026-09-13T22:45:00.000Z,17.9,58,9.5,17.9,9.4,11.2,69,22.07,0.0,505.2,17.6,0,23.6,40
2026-09-13T23:00:00.000Z,17.6,59,9.5,17.6,1.1,1.8,48,22.08,0.0,505.2,9.4,0,23.3,40
2026-09-13T23:15:00.000Z,17.4,59,9.3,17.4,1.1,1.8,63,22.08,0.0,505.2,2.8,0,23.1,41
2026-09-13T23:30:00.000Z,17.2,60,9.4,17.2,3.6,5.4,63,22.09,0.0,505.2,0.1,0,22.8,41
2026-09-13T23:45:00.000Z,16.8,61,9.2,16.8,1.8,1.8,33,22.09,0.0,505.2,0.0,0,22.7,41
2026-09-14T00:00:00.000Z,16.3,63,9.2,16.3,0.0,0.0,36,22.10,0.0,505.2,0.0,0,22.5,41
2026-09-14T00:15:00.000Z,15.6,65,9.1,15.6,0.0,0.0,37,22.11,0.0,505.2,0.0,0,22.4,42
2026-09-14T00:30:00.000Z,14.9,68,9.1,14.9,0.0,0.0,36,22.11,0.0,505.2,0.0,0,22.3,42
2026-09-14T00:45:00.000Z,14.8,69,9.2,14.8,0.7,1.8,20,22.11,0.0,505.2,0.0,0,22.1,42
2026-09-14T01:00:00.000Z,14.2,70,8.8,14.2,0.0,0.0,12,22.13,0.0,505.2,0.0,0,22.0,42
2026-09-14T01:15:00.000Z,14.0,71,8.8,14.0,0.4,1.8,354,22.14,0.0,505.2,0.0,0,21.9,42
2026-09-14T01:30:00.000Z,15.0,68,9.2,15.0,7.2,11.2,54,22.14,0.0,505.2,0.0,0,21.7,43
2026-09-14T01:45:00.000Z,15.5,67,9.4,15.5,6.5,7.2,88,22.15,0.0,505.2,0.0,0,21.6,43
2026-09-14T02:00:00.000Z,15.3,68,9.4,15.3,1.8,1.8,33,22.15,0.0,505.2,0.0,0,21.5,43
2026-09-14T02:15:00.000Z,14.9,69,9.3,14.9,2.2,3.6,350,22.15,0.0,505.2,0.0,0,21.5,43
2026-09-14T02:30:00.000Z,14.3,71,9.1,14.3,0.4,1.8,340,22.15,0.0,505.2,0.0,0,21.4,43
2026-09-14T02:45:00.000Z,13.7,74,9.2,13.7,0.0,0.0,7,22.17,0.0,505.2,0.0,0,21.3,43
2026-09-14T03:00:00.000Z,13.2,75,8.9,13.2,0.0,0.0,359,22.16,0.0,505.2,0.0,0,21.2,43
2026-09-14T03:15:00.000Z,13.0,75,8.7,13.0,0.0,0.0,330,22.17,0.0,505.2,0.0,0,21.2,43
2026-09-14T03:30:00.000Z,12.4,77,8.5,12.4,0.0,0.0,324,22.17,0.0,505.2,0.0,0,21.1,43
2026-09-14T03:45:00.000Z,12.3,78,8.6,12.3,0.0,0.0,39,22.18,0.0,505.2,0.0,0,21.1,43
2026-09-14T04:00:00.000Z,11.5,81,8.3,11.5,0.4,1.8,39,22.18,0.0,505.2,0.0,0,21.0,44
2026-09-14T04:15:00.000Z,11.8,80,8.4,11.8,0.0,0.0,179,22.18,0.0,505.2,0.0,0,20.9,44
2026-09-14T04:30:00.000Z,12.0,78,8.3,12.0,0.0,0.0,51,22.17,0.0,505.2,0.0,0,20.9,44
2026-09-14T04:45:00.000Z,12.3,75,8.0,12.3,0.4,1.8,22,22.17,0.0,505.2,0.0,0,20.8,44
2026-09-14T05:00:00.000Z,12.6,74,8.1,12.6,0.0,0.0,23,22.16,0.0,505.2,0.0,0,20.8,44
2026-09-14T05:15:00.000Z,12.3,77,8.4,12.3,0.0,0.0,132,22.16,0.0,505.2,0.0,0,20.7,44
2026-09-14T05:30:00.000Z,12.2,78,8.5,12.2,1.8,1.8,111,22.16,0.0,505.2,0.0,0,20.7,44
2026-09-14T05:45:00.000Z,12.5,76,8.4,12.5,1.4,1.8,99,22.16,0.0,505.2,0.0,0,20.7,44
2026-09-14T06:00:00.000Z,12.6,76,8.5,12.6,0.7,1.8,100,22.16,0.0,505.2,0.0,0,20.6,44
2026-09-14T06:15:00.000Z,12.6,76,8.5,12.6,0.0,0.0,106,22.15,0.0,505.2,0.0,0,20.6,44
2026-09-14T06:30:00.000Z,12.4,77,8.5,12.4,0.4,1.8,137,22.15,0.0,505.2,0.0,0,20.6,44
2026-09-14T06:45:00.000Z,12.5,77,8.6,12.5,1.1,1.8,17,22.15,0.0,505.2,0.0,0,20.6,44
2026-09-14T07:00:00.000Z,12.5,77,8.6,12.5,1.4,1.8,294,22.15,0.0,505.2,0.0,0,20.5,44
2026-09-14T07:15:00.000Z,12.6,78,8.9,12.6,0.4,1.8,275,22.13,0.0,505.2,0.0,0,20.5,44
2026-09-14T07:30:00.000Z,12.2,81,9.1,12.2,0.0,0.0,287,22.12,0.0,505.2,0.0,0,20.5,44
2026-09-14T07:45:00.000Z,11.7,83,8.9,11.7,0.0,0.0,20,22.12,0.0,505.2,0.0,0,20.5,44
2026-09-14T08:00:00.000Z,11.5,84,8.9,11.5,0.4,1.8,17,22.12,0.0,505.2,0.0,0,20.4,44
2026-09-14T08:15:00.000Z,11.5,85,9.1,11.5,2.2,3.6,342,22.10,0.0,505.2,0.0,0,20.4,44
2026-09-14T08:30:00.000Z,11.1,85,8.7,11.1,0.0,0.0,336,22.11,0.0,505.2,0.0,0,20.3,44
2026-09-14T08:45:00.000Z,10.6,86,8.4,10.6,0.0,0.0,335,22.10,0.0,505.2,0.0,0,20.3,44
2026-09-14T09:00:00.000Z,10.2,88,8.3,10.2,0.0,0.0,62,22.11,0.0,505.2,0.0,0,20.2,45
2026-09-14T09:15:00.000Z,11.1,83,8.3,11.1,1.8,1.8,43,22.11,0.0,505.2,0.0,0,20.2,45
2026-09-14T09:30:00.000Z,10.8,85,8.3,10.8,1.4,1.8,9,22.11,0.0,505.2,0.0,0,20.1,45
2026-09-14T09:45:00.000Z,10.1,87,8.1,10.1,1.4,1.8,7,22.11,0.0,505.2,0.0,0,20.1,45
2026-09-14T10:00:00.000Z,9.5,88,7.6,9.5,0.0,0.0,338,22.12,0.0,505.2,0.0,0,20.0,45
2026-09-14T10:15:00.000Z,9.2,89,7.5,9.2,0.0,0.0,300,22.12,0.0,505.2,0.0,0,20.0,45
2026-09-14T10:30:00.000Z,9.1,90,7.6,9.1,2.9,3.6,273,22.13,0.0,505.2,0.0,0,19.9,45
2026-09-14T10:45:00.000Z,9.3,89,7.6,9.3,0.0,0.0,285,22.13,0.0,505.2,0.0,0,19.9,45
2026-09-14T11:00:00.000Z,9.9,86,7.7,9.9,0.0,0.0,320,22.13,0.0,505.2,0.3,0,19.8,45
2026-09-14T11:15:00.000Z,9.7,86,7.5,9.7,0.0,0.0,306,22.14,0.0,505.2,2.9,0,19.8,45
2026-09-14T11:30:00.000Z,10.1,83,7.3,10.1,0.0,0.0,50,22.14,0.0,505.2,8.0,0,19.8,45
2026-09-14T11:45:00.000Z,10.5,82,7.6,10.5,1.8,1.8,129,22.14,0.0,505.2,24.7,0,19.8,45
2026-09-14T12:00:00.000Z,10.9,80,7.6,10.9,0.0,0.0,139,22.15,0.0,505.2,29.7,0,19.8,45
2026-09-14T12:15:00.000Z,11.5,80,8.2,11.5,0.0,0.0,139,22.16,0.0,505.2,41.6,0,19.8,45
2026-09-14T12:30:00.000Z,11.8,78,8.1,11.8,0.0,0.0,141,22.16,0.0,505.2,37.1,0,19.9,45
2026-09-14T12:45:00.000Z,12.5,74,8.0,12.5,0.0,0.0,144,22.16,0.0,505.2,126.3,1,19.9,45
2026-09-14T13:00:00.000Z,13.3,72,8.3,13.3,0.0,0.0,145,22.16,0.0,505.2,99.1,0,20.0,47
2026-09-14T13:15:00.000Z,13.2,72,8.3,13.2,0.0,0.0,146,22.17,0.0,505.2,75.6,0,20.0,46
2026-09-14T13:30:00.000Z,13.7,71,8.6,13.7,1.4,1.8,115,22.17,0.0,505.2,80.5,0,20.0,46
2026-09-14T13:45:00.000Z,14.1,71,8.9,14.1,0.0,0.0,76,22.18,0.0,505.2,110.6,1,20.3,46
2026-09-14T14:00:00.000Z,14.9,70,9.5,14.9,6.1,7.2,87,22.19,0.0,505.2,125.4,1,20.6,46
2026-09-14T14:15:00.000Z,15.2,69,9.6,15.2,5.4,7.2,58,22.19,0.0,505.2,404.5,3,20.9,45
2026-09-14T14:30:00.000Z,16.7,65,10.1,16.7,0.0,0.0,85,22.18,0.0,505.2,547.9,5,21.3,45
2026-09-14T14:45:00.000Z,17.0,64,10.2,17.0,2.9,5.4,81,22.18,0.0,505.2,290.0,2,21.7,44
2026-09-14T15:00:00.000Z,17.3,63,10.2,17.3,3.6,3.6,64,22.17,0.0,505.2,561.6,5,22.0,44
2026-09-14T15:15:00.000Z,18.0,60,10.1,18.0,6.1,7.2,45,22.17,0.0,505.2,277.6,2,22.4,43
2026-09-14T15:30:00.000Z,17.3,63,10.2,17.3,7.2,9.4,51,22.17,0.0,505.2,300.1,2,22.6,43
2026-09-14T15:45:00.000Z,17.5,61,9.9,17.5,9.4,11.2,71,22.16,0.0,505.2,330.1,3,22.7,43
2026-09-14T16:00:00.000Z,17.1,62,9.8,17.1,12.6,14.8,51,22.16,0.0,505.2,376.9,3,23.1,43
2026-09-14T16:15:00.000Z,18.1,60,10.2,18.1,5.4,7.2,89,22.16,0.0,505.2,934.5,9,23.3,42
2026-09-14T16:30:00.000Z,18.1,59,10.0,18.1,7.9,13.0,66,22.16,0.0,505.2,361.1,3,23.6,42
2026-09-14T16:45:00.000Z,17.6,60,9.8,17.6,8.3,9.4,61,22.15,0.0,505.2,344.0,3,23.8,41
2026-09-14T17:00:00.000Z,18.1,59,10.0,18.1,9.4,11.2,39,22.14,0.0,505.2,393.0,3,23.9,41
2026-09-14T17:15:00.000Z,18.4,56,9.4,18.4,4.7,7.2,57,22.14,0.0,505.2,356.2,3,24.1,41
2026-09-14T17:30:00.000Z,18.1,55,8.9,18.1,16.9,22.0,50,22.14,0.0,505.2,230.4,2,24.0,40
2026-09-14T17:45:00.000Z,19.0,53,9.2,19.0,15.5,18.4,59,22.13,0.0,505.2,454.6,4,24.1,39
2026-09-14T18:00:00.000Z,19.0,53,9.2,19.0,6.8,9.4,52,22.11,0.0,505.2,497.6,4,24.3,39
2026-09-14T18:15:00.000Z,19.5,51,9.1,19.5,4.7,7.2,81,22.11,0.0,505.2,398.8,3,24.5,39
2026-09-14T18:30:00.000Z,19.0,53,9.2,19.0,12.6,16.6,50,22.11,0.0,505.2,298.6,2,24.4,39
2026-09-14T18:45:00.000Z,18.8,53,9.0,18.8,14.0,22.0,48,22.10,0.0,505.2,232.2,2,24.4,39
2026-09-14T19:00:00.000Z,18.4,56,9.4,18.4,7.9,9.4,41,22.10,0.0,505.2,294.8,2,24.3,39
2026-09-14T19:15:00.000Z,18.2,55,9.1,18.2,4.7,7.2,46,22.09,0.0,505.2,323.2,3,24.4,39
2026-09-14T19:30:00.000Z,18.8,52,8.7,18.8,10.4,18.4,74,22.08,0.0,505.2,324.9,3,24.7,38
2026-09-14T19:45:00.000Z,19.4,50,8.7,19.4,13.3,16.6,52,22.07,0.0,505.2,787.4,7,25.1,37
2026-09-14T20:00:00.000Z,19.9,50,9.2,19.9,13.0,18.4,92,22.07,0.0,505.2,227.6,2,25.6,36
2026-09-14T20:15:00.000Z,20.0,48,8.7,20.0,13.0,14.8,49,22.06,0.0,505.2,582.2,5,25.6,36
2026-09-14T20:30:00.000Z,19.9,48,8.6,19.9,14.0,18.4,183,22.05,0.0,505.2,392.5,3,26.0,34
2026-09-14T20:45:00.000Z,20.4,47,8.7,20.4,10.4,13.0,130,22.04,0.0,505.2,200.4,1,26.9,33
2026-09-14T21:00:00.000Z,20.5,47,8.8,20.5,14.8,18.4,111,22.04,0.0,505.2,130.4,1,27.4,33
2026-09-14T21:15:00.000Z,19.9,48,8.6,19.9,9.7,13.0,48,22.04,0.0,505.2,169.1,1,27.1,33
2026-09-14T21:30:00.000Z,19.7,50,9.0,19.7,6.5,9.4,72,22.04,0.0,505.2,38.6,0,26.6,33
2026-09-14T21:45:00.000Z,19.0,53,9.2,19.0,7.6,11.2,66,22.06,0.0,505.2,60.4,0,26.1,34
2026-09-14T22:00:00.000Z,18.5,55,9.3,18.5,10.1,16.6,16,22.06,0.0,505.2,53.7,0,25.7,35
2026-09-14T22:15:00.000Z,18.0,58,9.6,18.0,5.4,5.4,47,22.06,0.0,505.2,43.0,0,25.4,36
2026-09-14T22:30:00.000Z,17.7,57,9.1,17.7,7.2,9.4,61,22.06,0.0,505.2,24.3,0,25.1,36
2026-09-14T22:45:00.000Z,17.3,59,9.2,17.3,1.1,1.8,75,22.06,0.0,505.2,15.2,0,24.8,37
2026-09-14T23:00:00.000Z,17.0,59,8.9,17.0,3.2,3.6,52,22.07,0.0,505.2,7.8,0,24.5,38
2026-09-14T23:15:00.000Z,16.8,61,9.2,16.8,5.4,5.4,34,22.07,0.0,505.2,1.5,0,24.4,38
2026-09-14T23:30:00.000Z,16.4,64,9.6,16.4,6.1,7.2,34,22.08,0.0,505.2,0.1,0,24.2,39
2026-09-14T23:45:00.000Z,16.2,64,9.4,16.2,2.2,3.6,39,22.08,0.0,505.2,0.0,0,23.9,39
2026-09-15T00:00:00.000Z,15.9,66,9.6,15.9,0.7,1.8,42,22.08,0.0,505.2,0.0,0,23.6,39
2026-09-15T00:15:00.000Z,15.8,67,9.7,15.8,2.2,3.6,42,22.09,0.0,505.2,0.0,0,23.3,40
2026-09-15T00:30:00.000Z,15.9,67,9.8,15.9,0.0,0.0,42,22.09,0.0,505.2,0.0,0,23.1,40
2026-09-15T00:45:00.000Z,15.6,68,9.7,15.6,0.0,0.0,42,22.10,0.0,505.2,0.0,0,22.9,40
2026-09-15T01:00:00.000Z,15.5,68,9.6,15.5,0.0,0.0,131,22.10,0.0,505.2,0.0,0,22.8,41
2026-09-15T01:15:00.000Z,15.6,67,9.5,15.6,0.4,1.8,61,22.11,0.0,505.2,0.0,0,22.6,41
2026-09-15T01:30:00.000Z,15.9,65,9.3,15.9,2.5,3.6,54,22.11,0.0,505.2,0.0,0,22.5,41
2026-09-15T01:45:00.000Z,15.9,64,9.1,15.9,4.7,5.4,34,22.11,0.0,505.2,0.0,0,22.4,41
2026-09-15T02:00:00.000Z,15.8,64,9.0,15.8,0.0,0.0,41,22.13,0.0,505.2,0.0,0,22.3,41
2026-09-15T02:15:00.000Z,15.8,66,9.4,15.8,4.0,7.2,90,22.13,0.0,505.2,0.0,0,22.2,42
2026-09-15T02:30:00.000Z,14.2,79,10.6,14.2,1.8,1.8,32,22.14,0.0,505.2,0.0,0,22.2,42
2026-09-15T02:45:00.000Z,14.3,77,10.3,14.3,0.0,0.0,7,22.14,0.0,505.2,0.0,0,22.1,42
2026-09-15T03:00:00.000Z,14.2,77,10.3,14.2,0.0,0.0,348,22.14,0.0,505.2,0.0,0,22.0,42
2026-09-15T03:15:00.000Z,14.1,77,10.2,14.1,0.0,0.0,54,22.14,0.0,505.2,0.0,0,21.9,42
2026-09-15T03:30:00.000Z,14.1,77,10.2,14.1,1.4,1.8,20,22.14,0.0,505.2,0.0,0,21.8,42
2026-09-15T03:45:00.000Z,14.3,76,10.1,14.3,1.1,1.8,18,22.14,0.0,505.2,0.0,0,21.8,42
2026-09-15T04:00:00.000Z,14.4,76,10.2,14.4,0.0,0.0,4,22.14,0.0,505.2,0.0,0,21.7,43
2026-09-15T04:15:00.000Z,14.3,76,10.1,14.3,1.8,1.8,17,22.14,0.0,505.2,0.0,0,21.7,43
2026-09-15T04:30:00.000Z,14.4,75,10.0,14.4,0.4,1.8,358,22.14,0.0,505.2,0.0,0,21.6,43
2026-09-15T04:45:00.000Z,14.4,75,10.0,14.4,1.8,1.8,357,22.13,0.0,505.2,0.0,0,21.6,43
2026-09-15T05:00:00.000Z,14.5,75,10.1,14.5,0.0,0.0,357,22.12,0.0,505.2,0.0,0,21.5,43
2026-09-15T05:15:00.000Z,14.3,76,10.1,14.3,0.4,1.8,345,22.12,0.0,505.2,0.0,0,21.5,43
2026-09-15T05:30:00.000Z,14.3,76,10.1,14.3,0.0,0.0,345,22.11,0.0,505.2,0.0,0,21.5,43
2026-09-15T05:45:00.000Z,14.4,75,10.0,14.4,1.1,1.8,73,22.11,0.0,505.2,0.0,0,21.5,43
2026-09-15T06:00:00.000Z,14.5,75,10.1,14.5,1.1,1.8,69,22.12,0.0,505.2,0.0,0,21.4,43
2026-09-15T06:15:00.000Z,14.6,75,10.2,14.6,1.4,1.8,72,22.11,0.0,505.2,0.0,0,21.5,43
2026-09-15T06:30:00.000Z,14.4,76,10.2,14.4,0.0,0.0,72,22.11,0.0,505.2,0.0,0,21.4,44
2026-09-15T06:45:00.000Z,14.4,76,10.2,14.4,0.7,1.8,69,22.10,0.0,505.2,0.0,0,21.4,44
2026-09-15T07:00:00.000Z,14.4,75,10.0,14.4,1.8,1.8,71,22.09,0.0,505.2,0.0,0,21.3,44
2026-09-15T07:15:00.000Z,14.3,76,10.1,14.3,0.4,1.8,62,22.09,0.0,505.2,0.0,0,21.3,44
2026-09-15T07:30:00.000Z,14.2,76,10.1,14.2,5.0,5.4,84,22.10,0.0,505.2,0.0,0,21.2,44
2026-09-15T07:45:00.000Z,14.2,76,10.1,14.2,1.1,3.6,47,22.10,0.0,505.2,0.0,0,21.3,44
2026-09-15T08:00:00.000Z,14.0,76,9.8,14.0,1.8,3.6,52,22.09,0.0,505.2,0.0,0,21.2,44
2026-09-15T08:15:00.000Z,14.0,76,9.8,14.0,3.6,3.6,103,22.09,0.0,505.2,0.0,0,21.2,44
2026-09-15T08:30:00.000Z,13.9,76,9.7,13.9,0.0,0.0,62,22.10,0.0,505.2,0.0,0,21.1,44
2026-09-15T08:45:00.000Z,13.8,77,9.8,13.8,2.9,3.6,63,22.10,0.0,505.2,0.0,0,21.2,44
2026-09-15T09:00:00.000Z,13.8,77,9.8,13.8,1.1,1.8,67,22.10,0.0,505.2,0.0,0,21.1,44
2026-09-15T09:15:00.000Z,13.7,77,9.8,13.7,2.2,3.6,75,22.10,0.0,505.2,0.0,0,21.1,44
2026-09-15T09:30:00.000Z,13.7,77,9.8,13.7,3.6,3.6,4,22.10,0.0,505.2,0.0,0,21.1,44
2026-09-15T09:45:00.000Z,13.5,78,9.7,13.5,0.0,0.0,35,22.11,0.0,505.2,0.0,0,21.0,45
2026-09-15T10:00:00.000Z,13.5,78,9.7,13.5,0.0,0.0,63,22.11,0.0,505.2,0.0,0,21.0,45
2026-09-15T10:15:00.000Z,13.6,78,9.8,13.6,0.4,1.8,63,22.11,0.0,505.2,0.0,0,21.0,45
2026-09-15T10:30:00.000Z,13.7,78,9.9,13.7,0.4,1.8,63,22.11,0.0,505.2,0.0,0,21.0,45
2026-09-15T10:45:00.000Z,13.6,78,9.8,13.6,0.4,1.8,63,22.12,0.0,505.2,0.0,0,20.9,45
2026-09-15T11:00:00.000Z,13.7,78,9.9,13.7,0.0,0.0,63,22.12,0.0,505.2,0.2,0,21.0,45
2026-09-15T11:15:00.000Z,13.7,78,9.9,13.7,0.0,0.0,63,22.12,0.0,505.2,4.4,0,20.9,45
2026-09-15T11:30:00.000Z,13.7,79,10.2,13.7,0.0,0.0,58,22.13,0.0,505.2,17.9,0,21.0,45
2026-09-15T11:45:00.000Z,13.7,79,10.2,13.7,1.8,1.8,28,22.13,0.0,505.2,22.2,0,20.9,45
2026-09-15T12:00:00.000Z,13.8,78,10.0,13.8,0.4,1.8,358,22.14,0.0,505.2,34.8,0,20.9,45
2026-09-15T12:15:00.000Z,14.4,76,10.2,14.4,0.0,0.0,1,22.14,0.0,505.2,75.9,0,20.9,45
2026-09-15T12:30:00.000Z,15.3,72,10.3,15.3,0.0,0.0,47,22.14,0.0,505.2,140.6,1,21.0,46
2026-09-15T12:45:00.000Z,18.1,60,10.2,18.1,1.4,1.8,87,22.14,0.0,505.2,133.1,1,21.1,46
2026-09-15T13:00:00.000Z,18.2,61,10.6,18.2,1.4,1.8,69,22.14,0.0,505.2,210.3,2,21.4,49
2026-09-15T13:15:00.000Z,18.0,62,10.6,18.0,3.6,3.6,51,22.15,0.0,505.2,201.8,1,21.5,47
2026-09-15T13:30:00.000Z,17.6,62,10.3,17.6,6.5,9.4,94,22.15,0.0,505.2,273.3,2,21.7,47
2026-09-15T13:45:00.000Z,17.4,61,9.8,17.4,3.2,5.4,81,22.15,0.0,505.2,219.9,2,21.9,46
2026-09-15T14:00:00.000Z,17.4,60,9.6,17.4,0.0,0.0,62,22.15,0.0,505.2,228.6,2,22.0,47
2026-09-15T14:15:00.000Z,17.4,59,9.3,17.4,2.2,5.4,88,22.15,0.0,505.2,180.9,1,22.2,46
2026-09-15T14:30:00.000Z,17.5,58,9.2,17.5,4.3,7.2,59,22.16,0.0,505.2,225.0,2,22.6,45
2026-09-15T14:45:00.000Z,18.4,56,9.4,18.4,1.4,1.8,77,22.15,0.0,505.2,231.1,2,23.1,44
2026-09-15T15:00:00.000Z,17.7,58,9.4,17.7,6.8,9.4,73,22.16,0.0,505.2,201.9,1,23.3,43
2026-09-15T15:15:00.000Z,18.0,58,9.6,18.0,13.0,16.6,124,22.15,0.0,505.2,302.2,2,23.8,42
2026-09-15T15:30:00.000Z,17.6,59,9.5,17.6,6.8,9.4,79,22.15,0.0,505.2,173.8,1,24.0,42
2026-09-15T15:45:00.000Z,17.6,62,10.3,17.6,8.6,9.4,37,22.15,0.0,505.2,283.8,2,24.2,41
2026-09-15T16:00:00.000Z,18.0,62,10.6,18.0,9.7,14.8,97,22.15,0.0,505.2,447.2,4,24.4,42
2026-09-15T16:15:00.000Z,18.7,60,10.8,18.7,4.3,5.4,102,22.14,0.0,505.2,374.5,3,24.8,41
2026-09-15T16:30:00.000Z,18.6,58,10.2,18.6,3.6,5.4,75,22.14,0.0,505.2,336.6,3,25.0,41
2026-09-15T16:45:00.000Z,18.3,59,10.1,18.3,7.9,9.4,54,22.14,0.0,505.2,221.1,2,25.0,40
2026-09-15T17:00:00.000Z,18.7,57,10.1,18.7,5.0,9.4,34,22.13,0.0,505.2,300.3,2,25.0,40
2026-09-15T17:15:00.000Z,18.3,57,9.6,18.3,9.7,16.6,84,22.14,0.0,505.2,164.9,1,25.0,39
2026-09-15T17:30:00.000Z,18.5,56,9.6,18.5,9.0,14.8,65,22.14,0.0,505.2,206.6,2,24.9,39
2026-09-15T17:45:00.000Z,18.3,56,9.3,18.3,6.5,9.4,47,22.13,0.0,505.2,272.8,2,25.0,39
2026-09-15T18:00:00.000Z,17.8,57,9.2,17.8,19.4,22.0,70,22.13,0.0,505.2,139.1,1,24.9,38
2026-09-15T18:15:00.000Z,17.9,57,9.3,17.9,9.4,20.2,81,22.13,0.0,505.2,283.4,2,24.8,38
2026-09-15T18:30:00.000Z,19.0,53,9.2,19.0,10.4,14.8,112,22.12,0.0,505.2,321.1,3,24.8,38
2026-09-15T18:45:00.000Z,18.2,56,9.3,18.2,8.3,11.2,35,22.11,0.0,505.2,324.1,3,25.0,37
2026-09-15T19:00:00.000Z,18.8,54,9.3,18.8,11.9,16.6,74,22.10,0.0,505.2,301.2,2,24.9,37
2026-09-15T19:15:00.000Z,18.6,54,9.1,18.6,6.1,7.2,150,22.10,0.0,505.2,272.1,2,25.1,37
2026-09-15T19:30:00.000Z,19.1,52,9.1,19.1,10.1,13.0,78,22.09,0.0,505.2,284.3,2,25.2,37
2026-09-15T19:45:00.000Z,19.5,49,8.5,19.5,10.4,13.0,70,22.09,0.0,505.2,285.5,2,25.6,37
2026-09-15T20:00:00.000Z,19.1,50,8.4,19.1,3.6,5.4,91,22.08,0.0,505.2,126.4,1,25.4,36
2026-09-15T20:15:00.000Z,18.6,52,8.6,18.6,10.4,14.8,76,22.08,0.0,505.2,80.4,0,25.0,36
2026-09-15T20:30:00.000Z,17.8,57,9.2,17.8,21.2,23.8,87,22.08,0.0,505.2,116.1,1,24.8,37
2026-09-15T20:45:00.000Z,17.6,59,9.5,17.6,7.9,9.4,305,22.08,0.0,505.2,95.9,0,24.7,37
2026-09-15T21:00:00.000Z,17.6,59,9.5,17.6,5.4,7.2,64,22.08,0.0,505.2,136.2,1,24.7,37
2026-09-15T21:15:00.000Z,18.1,57,9.4,18.1,9.7,11.2,52,22.08,0.0,505.2,133.7,1,24.9,37
2026-09-15T21:30:00.000Z,18.0,57,9.4,18.0,6.5,7.2,39,22.08,0.0,505.2,74.8,0,25.0,37
2026-09-15T21:45:00.000Z,18.5,56,9.6,18.5,4.0,5.4,28,22.08,0.0,505.2,259.6,2,26.4,35
2026-09-15T22:00:00.000Z,18.2,56,9.3,18.2,4.3,7.2,43,22.08,0.0,505.2,42.2,0,26.2,35
2026-09-15T22:15:00.000Z,17.8,56,8.9,17.8,7.9,9.4,66,22.09,0.0,505.2,65.2,0,25.6,36
2026-09-15T22:30:00.000Z,18.1,55,8.9,18.1,3.2,3.6,72,22.09,0.0,505.2,42.9,0,25.3,36
2026-09-15T22:45:00.000Z,17.8,55,8.6,17.8,12.2,14.8,66,22.09,0.0,505.2,11.7,0,25.0,37
2026-09-15T23:00:00.000Z,17.3,55,8.2,17.3,1.4,1.8,74,22.09,0.0,505.2,6.1,0,24.8,38
2026-09-15T23:15:00.000Z,16.9,57,8.3,16.9,4.0,5.4,34,22.09,0.0,505.2,1.3,0,24.7,38
2026-09-15T23:30:00.000Z,16.7,56,7.9,16.7,3.6,5.4,57,22.10,0.0,505.2,0.0,0,24.6,39
2026-09-15T23:45:00.000Z,16.4,56,7.6,16.4,5.8,7.2,50,22.11,0.0,505.2,0.0,0,24.4,39
2026-09-16T00:00:00.000Z,16.0,57,7.5,16.0,2.2,3.6,57,22.11,0.0,505.2,0.0,0,24.2,39
2026-09-16T00:15:00.000Z,15.8,59,7.8,15.8,3.2,3.6,49,22.12,0.0,505.2,0.0,0,24.0,39
2026-09-16T00:30:00.000Z,15.5,60,7.8,15.5,0.4,1.8,53,22.12,0.0,505.2,0.0,0,23.8,39
2026-09-16T00:45:00.000Z,15.3,60,7.6,15.3,1.1,1.8,50,22.13,0.0,505.2,0.0,0,23.5,40
2026-09-16T01:00:00.000Z,15.1,62,7.9,15.1,0.0,0.0,24,22.14,0.0,505.2,0.0,0,23.3,40
2026-09-16T01:15:00.000Z,14.5,66,8.2,14.5,1.4,1.8,16,22.14,0.0,505.2,0.0,0,23.1,40
2026-09-16T01:30:00.000Z,14.2,68,8.4,14.2,1.4,1.8,344,22.14,0.0,505.2,0.0,0,22.9,40
2026-09-16T01:45:00.000Z,13.8,68,8.0,13.8,0.7,1.8,57,22.15,0.0,505.2,0.0,0,22.8,40
2026-09-16T02:00:00.000Z,14.4,64,7.7,14.4,6.1,7.2,61,22.15,0.0,505.2,0.0,0,22.6,40
2026-09-16T02:15:00.000Z,14.2,66,7.9,14.2,0.0,0.0,37,22.15,0.0,505.2,0.0,0,22.5,40
2026-09-16T02:30:00.000Z,13.8,68,8.0,13.8,1.1,1.8,37,22.15,0.0,505.2,0.0,0,22.4,40
2026-09-16T02:45:00.000Z,13.3,70,7.9,13.3,1.8,1.8,216,22.16,0.0,505.2,0.0,0,22.3,41
2026-09-16T03:00:00.000Z,13.0,72,8.1,13.0,0.0,0.0,121,22.15,0.0,505.2,0.0,0,22.2,41
2026-09-16T03:15:00.000Z,13.5,71,8.3,13.5,0.4,1.8,52,22.16,0.0,505.2,0.0,0,22.1,41
2026-09-16T03:30:00.000Z,13.5,70,8.2,13.5,1.1,1.8,144,22.16,0.0,505.2,0.0,0,22.0,41
2026-09-16T03:45:00.000Z,13.6,70,8.2,13.6,0.0,0.0,42,22.15,0.0,505.2,0.0,0,21.9,41
2026-09-16T04:00:00.000Z,13.5,70,8.2,13.5,1.1,1.8,35,22.15,0.0,505.2,0.0,0,21.9,41
2026-09-16T04:15:00.000Z,13.7,69,8.2,13.7,0.0,0.0,15,22.16,0.0,505.2,0.0,0,21.8,41
2026-09-16T04:30:00.000Z,13.7,69,8.2,13.7,0.0,0.0,11,22.15,0.0,505.2,0.0,0,21.8,41
2026-09-16T04:45:00.000Z,13.8,69,8.2,13.8,0.0,0.0,12,22.15,0.0,505.2,0.0,0,21.7,41
2026-09-16T05:00:00.000Z,13.6,70,8.2,13.6,0.0,0.0,335,22.15,0.0,505.2,0.0,0,21.7,41
2026-09-16T05:15:00.000Z,13.7,71,8.6,13.7,0.0,0.0,14,22.15,0.0,505.2,0.0,0,21.7,41
2026-09-16T05:30:00.000Z,13.5,72,8.6,13.5,1.1,1.8,50,22.16,0.0,505.2,0.0,0,21.6,42
2026-09-16T05:45:00.000Z,13.6,74,9.1,13.6,1.4,1.8,30,22.14,0.0,505.2,0.0,0,21.6,42
2026-09-16T06:00:00.000Z,13.3,75,8.9,13.3,1.8,1.8,27,22.14,0.0,505.2,0.0,0,21.6,42
2026-09-16T06:15:00.000Z,13.2,76,9.1,13.2,0.0,0.0,1,22.14,0.0,505.2,0.0,0,21.5,42
2026-09-16T06:30:00.000Z,13.0,77,9.1,13.0,0.0,0.0,1,22.14,0.0,505.2,0.0,0,21.5,42
2026-09-16T06:45:00.000Z,13.0,77,9.1,13.0,0.0,0.0,1,22.14,0.0,505.2,0.0,0,21.5,42
2026-09-16T07:00:00.000Z,13.0,77,9.1,13.0,1.4,1.8,359,22.13,0.0,505.2,0.0,0,21.4,42
2026-09-16T07:15:00.000Z,13.0,76,8.9,13.0,0.0,0.0,351,22.13,0.0,505.2,0.0,0,21.4,42
2026-09-16T07:30:00.000Z,13.0,76,8.9,13.0,0.4,1.8,350,22.13,0.0,505.2,0.0,0,21.4,42
2026-09-16T07:45:00.000Z,13.1,76,9.0,13.1,0.4,1.8,349,22.13,0.0,505.2,0.0,0,21.3,42
2026-09-16T08:00:00.000Z,13.1,76,9.0,13.1,0.0,0.0,350,22.13,0.0,505.2,0.0,0,21.3,42
2026-09-16T08:15:00.000Z,13.0,76,8.9,13.0,0.0,0.0,139,22.12,0.0,505.2,0.0,0,21.3,42
2026-09-16T08:30:00.000Z,12.9,78,9.2,12.9,0.4,1.8,18,22.12,0.0,505.2,0.0,0,21.3,42
2026-09-16T08:45:00.000Z,12.9,79,9.3,12.9,0.0,0.0,47,22.12,0.0,505.2,0.0,0,21.3,43
2026-09-16T09:00:00.000Z,12.8,79,9.2,12.8,0.0,0.0,45,22.12,0.0,505.2,0.0,0,21.2,43
2026-09-16T09:15:00.000Z,12.9,81,9.7,12.9,0.0,0.0,97,22.12,0.0,505.2,0.0,0,21.2,43
2026-09-16T09:30:00.000Z,12.7,83,9.9,12.7,1.4,1.8,92,22.13,0.0,505.2,0.0,0,21.2,43
2026-09-16T09:45:00.000Z,12.3,83,9.5,12.3,1.1,1.8,152,22.12,0.0,505.2,0.0,0,21.2,43
2026-09-16T10:00:00.000Z,12.3,82,9.3,12.3,0.0,0.0,127,22.14,0.0,505.2,0.0,0,21.1,43
2026-09-16T10:15:00.000Z,12.4,82,9.4,12.4,0.0,0.0,127,22.14,0.0,505.2,0.0,0,21.1,43
2026-09-16T10:30:00.000Z,12.5,82,9.5,12.5,0.0,0.0,127,22.14,0.0,505.2,0.0,0,21.1,43
2026-09-16T10:45:00.000Z,12.7,81,9.6,12.7,0.4,1.8,129,22.14,0.0,505.2,0.0,0,21.1,43
2026-09-16T11:00:00.000Z,12.6,81,9.4,12.6,1.4,1.8,348,22.15,0.0,505.2,0.1,0,21.1,43
2026-09-16T11:15:00.000Z,12.7,82,9.7,12.7,1.4,1.8,316,22.15,0.0,505.2,2.3,0,21.0,44
2026-09-16T11:30:00.000Z,12.6,82,9.6,12.6,0.4,1.8,137,22.15,0.0,505.2,8.9,0,21.0,44
2026-09-16T11:45:00.000Z,12.8,81,9.6,12.8,0.0,0.0,137,22.15,0.0,505.2,20.2,0,21.0,44
2026-09-16T12:00:00.000Z,13.1,79,9.6,13.1,0.0,0.0,137,22.16,0.0,505.2,36.5,0,21.0,44
2026-09-16T12:15:00.000Z,13.8,77,9.8,13.8,0.0,0.0,138,22.16,0.0,505.2,67.2,0,21.0,44
2026-09-16T12:30:00.000Z,14.3,74,9.7,14.3,0.0,0.0,139,22.16,0.0,505.2,69.7,0,21.1,44
2026-09-16T12:45:00.000Z,14.8,73,10.0,14.8,1.8,1.8,140,22.16,0.0,505.2,85.1,0,21.1,44
2026-09-16T13:00:00.000Z,14.8,73,10.0,14.8,1.1,1.8,73,22.17,0.0,505.2,78.7,0,21.1,45
2026-09-16T13:15:00.000Z,14.6,75,10.2,14.6,2.2,3.6,110,22.18,0.0,505.2,93.5,0,21.2,48
2026-09-16T13:30:00.000Z,14.7,73,9.9,14.7,2.2,3.6,76,22.19,0.0,505.2,118.4,1,21.2,46
2026-09-16T13:45:00.000Z,15.2,72,10.2,15.2,2.5,3.6,83,22.19,0.0,505.2,195.4,1,21.7,46
2026-09-16T14:00:00.000Z,15.5,70,10.1,15.5,0.4,1.8,78,22.19,0.0,505.2,231.1,2,22.1,46
2026-09-16T14:15:00.000Z,16.3,68,10.4,16.3,1.1,1.8,28,22.20,0.0,505.2,255.0,2,22.5,45
2026-09-16T14:30:00.000Z,16.4,65,9.8,16.4,15.5,20.2,39,22.19,0.0,505.2,293.5,2,22.7,44
2026-09-16T14:45:00.000Z,16.1,66,9.8,16.1,15.8,18.4,13,22.20,0.0,505.2,239.5,2,23.0,44
2026-09-16T15:00:00.000Z,14.9,70,9.5,14.9,18.0,23.8,69,22.20,0.0,505.2,174.6,1,22.9,44
2026-09-16T15:15:00.000Z,15.5,66,9.2,15.5,3.6,5.4,77,22.20,0.0,505.2,284.7,2,23.2,43
2026-09-16T15:30:00.000Z,17.1,59,9.1,17.1,6.5,9.4,59,22.20,0.0,505.2,414.6,4,23.5,42
2026-09-16T15:45:00.000Z,17.1,58,8.8,17.1,4.7,5.4,85,22.19,0.0,505.2,166.2,1,23.7,42
2026-09-16T16:00:00.000Z,16.8,59,8.7,16.8,1.1,1.8,41,22.19,0.0,505.2,269.1,2,23.7,42
2026-09-16T16:15:00.000Z,17.6,56,8.7,17.6,4.7,7.2,198,22.18,0.0,505.2,430.9,4,24.2,42
2026-09-16T16:30:00.000Z,17.1,57,8.6,17.1,10.1,16.6,60,22.17,0.0,505.2,297.4,2,24.4,41
2026-09-16T16:45:00.000Z,17.4,57,8.8,17.4,1.4,1.8,348,22.17,0.0,505.2,251.3,2,24.5,41
2026-09-16T17:00:00.000Z,17.5,56,8.6,17.5,5.4,7.2,61,22.16,0.0,505.2,417.9,4,24.8,40
2026-09-16T17:15:00.000Z,18.2,54,8.8,18.2,8.6,13.0,104,22.15,0.0,505.2,341.7,3,25.1,40
2026-09-16T17:30:00.000Z,17.5,56,8.6,17.5,9.4,13.0,82,22.15,0.0,505.2,382.8,3,25.1,40
2026-09-16T17:45:00.000Z,18.2,54,8.8,18.2,17.3,20.2,88,22.15,0.0,505.2,200.9,1,25.2,39
2026-09-16T18:00:00.000Z,18.7,53,8.9,18.7,8.3,13.0,104,22.14,0.0,505.2,456.6,4,25.4,39
2026-09-16T18:15:00.000Z,18.3,55,9.1,18.3,13.0,20.2,39,22.14,0.0,505.2,160.8,1,25.5,38
2026-09-16T18:30:00.000Z,17.5,57,8.9,17.5,10.8,20.2,74,22.14,0.0,505.2,624.4,6,25.3,38
2026-09-16T18:45:00.000Z,17.9,55,8.7,17.9,8.6,14.8,57,22.14,0.0,505.2,313.2,3,25.6,37
2026-09-16T19:00:00.000Z,18.0,53,8.3,18.0,13.0,16.6,68,22.13,0.0,505.2,293.6,2,25.6,37
2026-09-16T19:15:00.000Z,18.4,48,7.2,18.4,10.4,13.0,81,22.13,0.0,505.2,397.4,3,25.9,36
2026-09-16T19:30:00.000Z,19.7,43,6.8,19.7,13.7,23.8,80,22.12,0.0,505.2,697.3,6,26.0,33
2026-09-16T19:45:00.000Z,19.8,43,6.8,19.8,17.3,22.0,63,22.12,0.0,505.2,295.2,2,26.2,32
2026-09-16T20:00:00.000Z,18.8,48,7.6,18.8,11.2,20.2,79,22.11,0.0,505.2,266.4,2,26.0,32
2026-09-16T20:15:00.000Z,18.9,48,7.7,18.9,16.9,20.2,52,22.11,0.0,505.2,189.6,1,25.9,34
2026-09-16T20:30:00.000Z,17.8,52,7.8,17.8,15.8,20.2,52,22.11,0.0,505.2,133.5,1,25.6,35
2026-09-16T20:45:00.000Z,17.7,54,8.3,17.7,13.7,18.4,71,22.11,0.0,505.2,221.9,2,25.5,35
2026-09-16T21:00:00.000Z,17.6,53,7.9,17.6,11.9,18.4,55,22.11,0.0,505.2,96.9,0,25.5,35
2026-09-16T21:15:00.000Z,17.7,51,7.4,17.7,8.3,11.2,93,22.11,0.0,505.2,126.0,1,25.6,35
2026-09-16T21:30:00.000Z,18.0,51,7.7,18.0,8.3,9.4,33,22.10,0.0,505.2,110.1,1,25.6,35
2026-09-16T21:45:00.000Z,18.3,50,7.7,18.3,4.7,5.4,63,22.10,0.0,505.2,100.1,0,25.5,35
2026-09-16T22:00:00.000Z,17.9,49,7.1,17.9,4.0,7.2,98,22.10,0.0,505.2,92.3,0,25.3,35
2026-09-16T22:15:00.000Z,18.2,46,6.4,18.2,6.1,9.4,75,22.10,0.0,505.2,86.5,0,25.0,36
2026-09-16T22:30:00.000Z,18.0,48,6.8,18.0,5.4,11.2,70,22.10,0.0,505.2,57.0,0,24.8,36
2026-09-16T22:45:00.000Z,17.8,51,7.5,17.8,6.5,9.4,62,22.11,0.0,505.2,33.0,0,24.6,36
2026-09-16T23:00:00.000Z,17.4,53,7.7,17.4,12.6,14.8,75,22.12,0.0,505.2,14.7,0,24.3,37
2026-09-16T23:15:00.000Z,16.9,56,8.1,16.9,4.7,5.4,66,22.13,0.0,505.2,4.1,0,24.0,37
2026-09-16T23:30:00.000Z,16.5,58,8.2,16.5,8.6,11.2,69,22.13,0.0,505.2,0.1,0,23.8,37
2026-09-16T23:45:00.000Z,16.3,59,8.3,16.3,2.2,3.6,49,22.13,0.0,505.2,0.0,0,23.6,38
2026-09-17T00:00:00.000Z,16.2,60,8.4,16.2,2.2,3.6,62,22.13,0.0,505.2,0.0,0,23.4,38
2026-09-17T00:15:00.000Z,16.1,61,8.6,16.1,9.7,11.2,36,22.14,0.0,505.2,0.0,0,23.3,38
2026-09-17T00:30:00.000Z,15.9,61,8.4,15.9,6.5,9.4,65,22.14,0.0,505.2,0.0,0,23.1,38
2026-09-17T00:45:00.000Z,15.7,63,8.7,15.7,1.8,3.6,52,22.15,0.0,505.2,0.0,0,23.0,39
2026-09-17T01:00:00.000Z,15.6,64,8.8,15.6,5.4,7.2,72,22.16,0.0,505.2,0.0,0,22.8,39
2026-09-17T01:15:00.000Z,15.3,65,8.7,15.3,1.8,3.6,58,22.16,0.0,505.2,0.0,0,22.7,39
2026-09-17T01:30:00.000Z,15.4,65,8.8,15.4,2.5,3.6,37,22.16,0.0,505.2,0.0,0,22.6,39
2026-09-17T01:45:00.000Z,15.3,66,8.9,15.3,2.9,3.6,34,22.16,0.0,505.2,0.0,0,22.5,39
2026-09-17T02:00:00.000Z,15.2,66,8.9,15.2,5.8,7.2,45,22.16,0.0,505.2,0.0,0,22.5,39
2026-09-17T02:15:00.000Z,15.1,67,9.1,15.1,4.0,5.4,355,22.17,0.0,505.2,0.0,0,22.4,40
2026-09-17T02:30:00.000Z,15.1,67,9.1,15.1,8.3,11.2,35,22.18,0.0,505.2,0.0,0,22.3,40
2026-09-17T02:45:00.000Z,15.0,68,9.2,15.0,6.1,9.4,55,22.18,0.0,505.2,0.0,0,22.3,40
2026-09-17T03:00:00.000Z,14.7,69,9.1,14.7,0.0,0.0,66,22.18,0.0,505.2,0.0,0,22.2,40
2026-09-17T03:15:00.000Z,14.6,69,9.0,14.6,2.5,3.6,3,22.18,0.0,505.2,0.0,0,22.1,40
2026-09-17T03:30:00.000Z,14.6,70,9.2,14.6,1.4,1.8,24,22.18,0.0,505.2,0.0,0,22.0,40
2026-09-17T03:45:00.000Z,14.5,70,9.1,14.5,1.4,1.8,69,22.18,0.0,505.2,0.0,0,22.0,41
2026-09-17T04:00:00.000Z,14.2,71,9.1,14.2,1.8,1.8,15,22.18,0.0,505.2,0.0,0,21.9,41
2026-09-17T04:15:00.000Z,13.9,72,8.9,13.9,1.4,1.8,3,22.18,0.0,505.2,0.0,0,21.9,41
2026-09-17T04:30:00.000Z,13.6,73,8.9,13.6,2.2,3.6,0,22.18,0.0,505.2,0.0,0,21.8,41
2026-09-17T04:45:00.000Z,13.4,74,8.8,13.4,0.0,0.0,26,22.17,0.0,505.2,0.0,0,21.7,41
2026-09-17T05:00:00.000Z,13.2,75,8.9,13.2,1.4,1.8,213,22.16,0.0,505.2,0.0,0,21.6,41
2026-09-17T05:15:00.000Z,12.9,76,8.8,12.9,0.0,0.0,268,22.17,0.0,505.2,0.0,0,21.6,41
2026-09-17T05:30:00.000Z,13.0,76,8.9,13.0,0.0,0.0,3,22.16,0.0,505.2,0.0,0,21.6,41
2026-09-17T05:45:00.000Z,12.9,76,8.8,12.9,0.4,1.8,275,22.17,0.0,505.2,0.0,0,21.5,42
2026-09-17T06:00:00.000Z,12.7,77,8.8,12.7,2.2,3.6,284,22.17,0.0,505.2,0.0,0,21.5,42
2026-09-17T06:15:00.000Z,12.4,78,8.7,12.4,0.4,1.8,31,22.16,0.0,505.2,0.0,0,21.4,42
2026-09-17T06:30:00.000Z,12.1,77,8.2,12.1,1.4,1.8,355,22.16,0.0,505.2,0.0,0,21.4,42
2026-09-17T06:45:00.000Z,11.7,78,8.0,11.7,2.2,3.6,296,22.16,0.0,505.2,0.0,0,21.4,42
2026-09-17T07:00:00.000Z,11.3,78,7.6,11.3,3.6,3.6,338,22.16,0.0,505.2,0.0,0,21.3,42
2026-09-17T07:15:00.000Z,10.9,78,7.2,10.9,1.4,1.8,293,22.16,0.0,505.2,0.0,0,21.2,42
2026-09-17T07:30:00.000Z,10.6,78,6.9,10.6,0.4,1.8,30,22.15,0.0,505.2,0.0,0,21.1,42
2026-09-17T07:45:00.000Z,10.6,78,6.9,10.6,1.1,1.8,33,22.15,0.0,505.2,0.0,0,21.1,42
2026-09-17T08:00:00.000Z,10.9,77,7.0,10.9,1.1,1.8,272,22.14,0.0,505.2,0.0,0,21.0,42
2026-09-17T08:15:00.000Z,11.0,76,6.9,11.0,5.0,5.4,289,22.14,0.0,505.2,0.0,0,21.0,42
2026-09-17T08:30:00.000Z,11.3,75,7.0,11.3,6.5,7.2,293,22.14,0.0,505.2,0.0,0,20.9,42
2026-09-17T08:45:00.000Z,11.6,71,6.6,11.6,5.4,7.2,308,22.14,0.0,505.2,0.0,0,20.9,42
2026-09-17T09:00:00.000Z,11.9,69,6.4,11.9,4.7,5.4,301,22.14,0.0,505.2,0.0,0,20.9,42
2026-09-17T09:15:00.000Z,12.1,68,6.4,12.1,2.5,3.6,318,22.14,0.0,505.2,0.0,0,20.9,42
2026-09-17T09:30:00.000Z,12.2,67,6.3,12.2,3.2,3.6,323,22.14,0.0,505.2,0.0,0,20.8,42
2026-09-17T09:45:00.000Z,12.3,67,6.3,12.3,1.4,1.8,296,22.14,0.0,505.2,0.0,0,20.8,42
2026-09-17T10:00:00.000Z,12.3,68,6.6,12.3,0.0,0.0,344,22.14,0.0,505.2,0.0,0,20.8,42
2026-09-17T10:15:00.000Z,12.2,69,6.7,12.2,0.0,0.0,323,22.15,0.0,505.2,0.0,0,20.8,42
2026-09-17T10:30:00.000Z,12.2,69,6.7,12.2,1.1,1.8,323,22.15,0.0,505.2,0.0,0,20.8,42
2026-09-17T10:45:00.000Z,12.2,70,6.9,12.2,0.0,0.0,84,22.15,0.0,505.2,0.0,0,20.8,42
2026-09-17T11:00:00.000Z,12.2,70,6.9,12.2,0.0,0.0,102,22.16,0.0,505.2,0.3,0,20.8,42
2026-09-17T11:15:00.000Z,12.3,70,6.9,12.3,0.0,0.0,140,22.16,0.0,505.2,2.1,0,20.8,41
2026-09-17T11:30:00.000Z,12.3,70,6.9,12.3,0.0,0.0,139,22.17,0.0,505.2,5.5,0,20.8,41
2026-09-17T11:45:00.000Z,12.7,70,7.4,12.7,0.0,0.0,129,22.17,0.0,505.2,10.9,0,20.8,41
2026-09-17T12:00:00.000Z,12.9,68,7.1,12.9,1.8,1.8,66,22.17,0.0,505.2,14.2,0,20.8,41
2026-09-17T12:15:00.000Z,12.8,69,7.2,12.8,0.0,0.0,11,22.17,0.0,505.2,25.6,0,20.8,42
2026-09-17T12:30:00.000Z,13.1,69,7.6,13.1,1.4,1.8,33,22.18,0.0,505.2,25.8,0,20.7,41
2026-09-17T12:45:00.000Z,13.2,67,7.2,13.2,1.4,1.8,326,22.18,0.0,505.2,47.1,0,20.7,41
2026-09-17T13:00:00.000Z,13.8,65,7.3,13.8,6.8,7.2,310,22.19,0.0,505.2,65.5,0,20.8,43
2026-09-17T13:15:00.000Z,14.5,63,7.6,14.5,1.1,1.8,19,22.19,0.0,505.2,101.0,0,21.0,42
2026-09-17T13:30:00.000Z,16.2,56,7.4,16.2,2.9,3.6,54,22.20,0.0,505.2,234.8,2,21.6,42
2026-09-17T13:45:00.000Z,15.9,57,7.4,15.9,1.4,1.8,67,22.20,0.0,505.2,178.7,1,21.9,41
2026-09-17T14:00:00.000Z,15.9,57,7.4,15.9,2.5,3.6,60,22.20,0.0,505.2,226.2,2,22.3,40
2026-09-17T14:15:00.000Z,16.6,55,7.6,16.6,1.4,1.8,75,22.20,0.0,505.2,343.8,3,22.6,39
2026-09-17T14:30:00.000Z,16.8,53,7.2,16.8,15.8,20.2,58,22.20,0.0,505.2,660.1,6,22.9,38
2026-09-17T14:45:00.000Z,17.4,51,7.2,17.4,7.2,11.2,42,22.20,0.0,505.2,277.5,2,23.2,37
2026-09-17T15:00:00.000Z,17.2,51,7.0,17.2,13.0,16.6,93,22.19,0.0,505.2,804.3,7,23.4,37
2026-09-17T15:15:00.000Z,17.9,49,7.1,17.9,8.6,18.4,4,22.19,0.0,505.2,716.8,6,23.8,36
2026-09-17T15:30:00.000Z,18.8,46,6.9,18.8,14.8,18.4,126,22.19,0.0,505.2,433.0,4,24.1,35
2026-09-17T15:45:00.000Z,18.4,46,6.6,18.4,15.5,22.0,42,22.18,0.0,505.2,271.6,2,24.2,34
2026-09-17T16:00:00.000Z,18.5,46,6.7,18.5,16.6,20.2,79,22.17,0.0,505.2,836.7,8,24.4,34
2026-09-17T16:15:00.000Z,19.2,46,7.3,19.2,13.0,16.6,57,22.17,0.0,505.2,571.4,5,24.7,33
2026-09-17T16:30:00.000Z,19.2,44,6.7,19.2,14.4,18.4,45,22.16,0.0,505.2,251.4,2,24.7,33
2026-09-17T16:45:00.000Z,18.7,47,7.2,18.7,2.9,3.6,49,22.16,0.0,505.2,306.4,2,24.9,33
2026-09-17T17:00:00.000Z,20.0,44,7.4,20.0,9.0,11.2,57,22.16,0.0,505.2,309.5,3,25.2,32
2026-09-17T17:15:00.000Z,18.8,47,7.2,18.8,6.8,11.2,96,22.16,0.0,505.2,550.2,5,25.3,32
2026-09-17T17:30:00.000Z,19.4,45,7.2,19.4,7.6,13.0,65,22.15,0.0,505.2,963.0,9,25.7,32
2026-09-17T17:45:00.000Z,20.0,45,7.7,20.0,11.9,14.8,58,22.14,0.0,505.2,315.8,3,25.8,31
2026-09-17T18:00:00.000Z,19.7,47,8.1,19.7,6.5,7.2,58,22.14,0.0,505.2,551.0,5,25.7,32
2026-09-17T18:15:00.000Z,20.5,46,8.5,20.5,10.4,13.0,348,22.13,0.0,505.2,906.4,8,26.0,32
2026-09-17T18:30:00.000Z,19.7,49,8.7,19.7,15.8,20.2,103,22.13,0.0,505.2,312.4,3,25.9,32
2026-09-17T18:45:00.000Z,19.4,49,8.4,19.4,11.9,14.8,42,22.12,0.0,505.2,290.7,2,25.8,33
2026-09-17T19:00:00.000Z,19.4,50,8.7,19.4,11.2,18.4,85,22.12,0.0,505.2,349.0,3,25.7,33
